time,time,time,time,time,time,time,time,time,time,air_temperature,air_temperature,air_temperature,air_temperature,air_temperature,air_temperature,air_temperature,air_temperature,air_temperature,air_temperature,air_pressure_at_sea_level,air_pressure_at_sea_level,air_pressure_at_sea_level,air_pressure_at_sea_level,air_pressure_at_sea_level,air_pressure_at_sea_level,air_pressure_at_sea_level,air_pressure_at_sea_level,air_pressure_at_sea_level,air_pressure_at_sea_level,max(wind_speed_of_gust PT10M),max(wind_speed_of_gust PT10M),max(wind_speed_of_gust PT10M),max(wind_speed_of_gust PT10M),max(wind_speed_of_gust PT10M),max(wind_speed_of_gust PT10M),max(wind_speed_of_gust PT10M),max(wind_speed_of_gust PT10M),max(wind_speed_of_gust PT10M),max(wind_speed_of_gust PT10M),relative_humidity,relative_humidity,relative_humidity,relative_humidity,relative_humidity,relative_humidity,relative_humidity,relative_humidity,relative_humidity,relative_humidity,cos_deg,cos_deg,cos_deg,cos_deg,cos_deg,cos_deg,cos_deg,cos_deg,cos_deg,cos_deg,sin_deg,sin_deg,sin_deg,sin_deg,sin_deg,sin_deg,sin_deg,sin_deg,sin_deg,sin_deg,wind_speed,wind_speed,wind_speed,wind_speed,wind_speed,wind_speed,wind_speed,wind_speed,wind_speed,wind_speed
10KM_609_61,10KM_613_60,10KM_616_49,10KM_619_46,10KM_619_71,10KM_622_54,10KM_625_51,10KM_628_65,10KM_631_54,10KM_631_55,10KM_609_61,10KM_613_60,10KM_616_49,10KM_619_46,10KM_619_71,10KM_622_54,10KM_625_51,10KM_628_65,10KM_631_54,10KM_631_55,10KM_609_61,10KM_613_60,10KM_616_49,10KM_619_46,10KM_619_71,10KM_622_54,10KM_625_51,10KM_628_65,10KM_631_54,10KM_631_55,10KM_609_61,10KM_613_60,10KM_616_49,10KM_619_46,10KM_619_71,10KM_622_54,10KM_625_51,10KM_628_65,10KM_631_54,10KM_631_55,10KM_609_61,10KM_613_60,10KM_616_49,10KM_619_46,10KM_619_71,10KM_622_54,10KM_625_51,10KM_628_65,10KM_631_54,10KM_631_55,10KM_609_61,10KM_613_60,10KM_616_49,10KM_619_46,10KM_619_71,10KM_622_54,10KM_625_51,10KM_628_65,10KM_631_54,10KM_631_55,10KM_609_61,10KM_613_60,10KM_616_49,10KM_619_46,10KM_619_71,10KM_622_54,10KM_625_51,10KM_628_65,10KM_631_54,10KM_631_55,10KM_609_61,10KM_613_60,10KM_616_49,10KM_619_46,10KM_619_71,10KM_622_54,10KM_625_51,10KM_628_65,10KM_631_54,10KM_631_55
2016-01-22 17:00:00+00:00,2016-01-22 17:00:00+00:00,2016-01-22 17:00:00+00:00,2016-01-22 17:00:00+00:00,2016-01-22 17:00:00+00:00,2016-01-22 17:00:00+00:00,2016-01-22 17:00:00+00:00,2016-01-22 17:00:00+00:00,2016-01-22 17:00:00+00:00,2016-01-22 17:00:00+00:00,-2.3,-2.6,-4.2,-3.9,-3.1,-3.2,-3.5,-0.7,-3.4,-3.4,1026.0,1025.4,1023.3,1021.7,1028.2,1023.7,1023.0,1026.2,1023.5,1023.6,9.5,8.7,7.3,10.4,4.4,8.2,8.2,12.1,8.4,8.3,80.9,79.3,87.6,89.3,81.8,80.1,83.5,67.4,80.8,80.5,-0.8191520442889919,-0.7660444431189779,-0.7071067811865475,-0.754709580222772,-0.8191520442889919,-0.754709580222772,-0.7771459614569709,-0.9702957262759965,-0.7880107536067219,-0.7880107536067219,0.5735764363510459,0.6427876096865395,0.7071067811865476,0.6560590289905073,0.5735764363510459,0.6560590289905073,0.6293203910498374,0.24192189559966773,0.6156614753256584,0.6156614753256584,6.0,4.5,4.3,6.0,2.1,4.9,4.4,7.8,5.3,5.4
2016-01-22 18:00:00+00:00,2016-01-22 18:00:00+00:00,2016-01-22 18:00:00+00:00,2016-01-22 18:00:00+00:00,2016-01-22 18:00:00+00:00,2016-01-22 18:00:00+00:00,2016-01-22 18:00:00+00:00,2016-01-22 18:00:00+00:00,2016-01-22 18:00:00+00:00,2016-01-22 18:00:00+00:00,-2.3,-2.6,-3.6,-3.6,-3.0,-3.0,-3.3,-0.6,-3.2,-3.1,1025.2,1024.7,1022.5,1021.2,1027.6,1023.0,1022.2,1025.2,1022.8,1022.9,10.8,9.5,8.2,11.1,5.4,9.0,9.4,12.9,9.2,9.8,80.2,79.1,86.0,87.5,81.8,80.6,81.2,66.8,80.0,80.2,-0.8191520442889919,-0.8191520442889919,-0.754709580222772,-0.7986355100472929,-0.6427876096865394,-0.7880107536067219,-0.7986355100472929,-0.9743700647852351,-0.7660444431189779,-0.7660444431189779,0.5735764363510459,0.5735764363510459,0.6560590289905073,0.6018150231520482,0.766044443118978,0.6156614753256584,0.6018150231520482,0.2249510543438652,0.6427876096865395,0.6427876096865395,6.5,4.8,4.9,6.3,2.7,5.3,4.8,9.1,5.3,5.4
2016-01-22 19:00:00+00:00,2016-01-22 19:00:00+00:00,2016-01-22 19:00:00+00:00,2016-01-22 19:00:00+00:00,2016-01-22 19:00:00+00:00,2016-01-22 19:00:00+00:00,2016-01-22 19:00:00+00:00,2016-01-22 19:00:00+00:00,2016-01-22 19:00:00+00:00,2016-01-22 19:00:00+00:00,-2.3,-2.4,-3.2,-3.2,-2.5,-2.8,-3.0,-0.4,-2.7,-2.7,1024.6,1024.0,1022.1,1020.7,1026.7,1022.5,1021.8,1024.3,1022.4,1022.4,10.8,10.0,8.7,11.2,6.0,9.1,8.7,13.4,9.0,8.8,80.4,79.2,84.7,86.7,81.0,81.2,82.2,65.4,80.8,80.9,-0.848048096156426,-0.848048096156426,-0.8090169943749473,-0.8571673007021122,-0.6427876096865394,-0.848048096156426,-0.8660254037844387,-0.9510565162951535,-0.7880107536067219,-0.7880107536067219,0.529919264233205,0.529919264233205,0.5877852522924732,0.5150380749100544,0.766044443118978,0.529919264233205,0.49999999999999994,0.3090169943749475,0.6156614753256584,0.6156614753256584,6.6,5.4,5.3,7.0,3.0,5.4,5.0,8.3,5.5,5.6
2016-01-22 20:00:00+00:00,2016-01-22 20:00:00+00:00,2016-01-22 20:00:00+00:00,2016-01-22 20:00:00+00:00,2016-01-22 20:00:00+00:00,2016-01-22 20:00:00+00:00,2016-01-22 20:00:00+00:00,2016-01-22 20:00:00+00:00,2016-01-22 20:00:00+00:00,2016-01-22 20:00:00+00:00,-2.2,-2.3,-3.0,-2.9,-2.0,-2.5,-2.8,-0.2,-2.6,-2.6,1024.1,1023.5,1021.3,1020.0,1025.6,1021.9,1021.1,1023.8,1021.9,1022.0,11.1,10.0,8.8,10.9,9.4,9.4,8.9,14.6,8.9,9.0,80.3,78.9,83.7,85.4,80.7,80.9,84.2,66.1,79.7,79.7,-0.8746197071393957,-0.882947592858927,-0.7986355100472929,-0.8386705679454239,-0.743144825477394,-0.8746197071393957,-0.8660254037844387,-0.9659258262890682,-0.7771459614569709,-0.7771459614569709,0.48480962024633717,0.4694715627858907,0.6018150231520482,0.5446390350150273,0.6691306063588585,0.48480962024633717,0.49999999999999994,0.258819045102521,0.6293203910498374,0.6293203910498374,6.2,5.1,5.1,6.5,4.0,5.3,5.0,9.6,5.1,5.1
2016-01-22 21:00:00+00:00,2016-01-22 21:00:00+00:00,2016-01-22 21:00:00+00:00,2016-01-22 21:00:00+00:00,2016-01-22 21:00:00+00:00,2016-01-22 21:00:00+00:00,2016-01-22 21:00:00+00:00,2016-01-22 21:00:00+00:00,2016-01-22 21:00:00+00:00,2016-01-22 21:00:00+00:00,-2.2,-2.3,-2.9,-2.5,-1.7,-2.5,-2.5,-0.3,-2.3,-2.3,1023.4,1022.7,1020.7,1019.6,1025.2,1021.1,1020.3,1023.3,1020.9,1021.0,11.3,10.3,8.5,10.0,8.6,8.9,8.9,15.7,8.9,8.9,78.4,79.0,81.1,84.4,77.0,80.5,84.0,65.8,80.4,80.1,-0.8746197071393957,-0.8571673007021122,-0.7986355100472929,-0.898794046299167,-0.882947592858927,-0.8746197071393957,-0.8910065241883678,-0.9876883405951377,-0.754709580222772,-0.754709580222772,0.48480962024633717,0.5150380749100544,0.6018150231520482,0.4383711467890773,0.4694715627858907,0.48480962024633717,0.45399049973954686,0.15643446504023098,0.6560590289905073,0.6560590289905073,6.0,5.3,4.9,6.1,4.0,5.3,5.0,12.0,5.4,5.6
2016-01-22 22:00:00+00:00,2016-01-22 22:00:00+00:00,2016-01-22 22:00:00+00:00,2016-01-22 22:00:00+00:00,2016-01-22 22:00:00+00:00,2016-01-22 22:00:00+00:00,2016-01-22 22:00:00+00:00,2016-01-22 22:00:00+00:00,2016-01-22 22:00:00+00:00,2016-01-22 22:00:00+00:00,-2.3,-2.3,-2.9,-2.4,-1.4,-2.4,-2.3,-0.6,-2.3,-2.2,1022.6,1022.0,1020.4,1019.3,1024.5,1020.6,1020.0,1022.4,1020.4,1020.4,10.5,10.2,7.6,9.9,8.6,9.0,8.2,15.2,9.0,9.2,77.5,77.2,80.9,83.8,71.8,80.2,83.0,70.7,82.1,81.8,-0.8746197071393957,-0.898794046299167,-0.7660444431189779,-0.8910065241883678,-0.8746197071393957,-0.9063077870366499,-0.9396926207859083,-0.984807753012208,-0.7880107536067219,-0.7771459614569709,0.48480962024633717,0.4383711467890773,0.6427876096865395,0.45399049973954686,0.48480962024633717,0.4226182617406995,0.3420201433256689,0.17364817766693028,0.6156614753256584,0.6293203910498374,6.0,5.1,4.6,6.0,4.4,5.2,4.6,11.3,5.3,5.5
2016-01-22 23:00:00+00:00,2016-01-22 23:00:00+00:00,2016-01-22 23:00:00+00:00,2016-01-22 23:00:00+00:00,2016-01-22 23:00:00+00:00,2016-01-22 23:00:00+00:00,2016-01-22 23:00:00+00:00,2016-01-22 23:00:00+00:00,2016-01-22 23:00:00+00:00,2016-01-22 23:00:00+00:00,-2.3,-2.1,-3.0,-2.6,-1.0,-2.2,-2.3,-0.6,-2.2,-2.1,1022.0,1021.4,1020.1,1019.0,1023.5,1020.4,1019.9,1021.8,1020.3,1020.3,10.1,10.0,7.6,9.6,9.5,8.9,7.8,15.4,7.3,8.0,77.6,76.2,82.5,88.9,71.2,79.9,83.9,69.2,83.2,83.0,-0.898794046299167,-0.9205048534524404,-0.7880107536067219,-0.898794046299167,-0.8746197071393957,-0.9335804264972017,-0.9455185755993168,-0.9945218953682733,-0.8191520442889919,-0.8290375725550416,0.4383711467890773,0.39073112848927377,0.6156614753256584,0.4383711467890773,0.48480962024633717,0.3583679495453002,0.3255681544571566,0.10452846326765373,0.5735764363510459,0.5591929034707469,5.8,5.2,4.2,5.6,5.0,5.2,4.5,12.1,4.3,4.5
2016-01-23 00:00:00+00:00,2016-01-23 00:00:00+00:00,2016-01-23 00:00:00+00:00,2016-01-23 00:00:00+00:00,2016-01-23 00:00:00+00:00,2016-01-23 00:00:00+00:00,2016-01-23 00:00:00+00:00,2016-01-23 00:00:00+00:00,2016-01-23 00:00:00+00:00,2016-01-23 00:00:00+00:00,-2.3,-2.0,-3.1,-3.0,-1.2,-2.3,-2.5,-0.7,-2.3,-2.2,1021.4,1021.0,1019.9,1018.7,1023.0,1020.2,1019.6,1021.5,1020.0,1020.0,9.4,9.5,6.4,9.1,9.5,7.9,7.4,14.3,7.0,7.1,78.3,75.9,87.1,94.9,73.4,82.4,88.5,68.8,83.0,82.4,-0.9335804264972017,-0.9659258262890682,-0.754709580222772,-0.8386705679454239,-0.8660254037844387,-0.9510565162951535,-0.9455185755993168,-0.9975640502598242,-0.9063077870366499,-0.9063077870366499,0.3583679495453002,0.258819045102521,0.6560590289905073,0.5446390350150273,0.49999999999999994,0.3090169943749475,0.3255681544571566,0.06975647374412552,0.4226182617406995,0.4226182617406995,5.1,4.9,3.8,5.5,4.6,4.6,4.4,11.4,4.1,4.0
2016-01-23 01:00:00+00:00,2016-01-23 01:00:00+00:00,2016-01-23 01:00:00+00:00,2016-01-23 01:00:00+00:00,2016-01-23 01:00:00+00:00,2016-01-23 01:00:00+00:00,2016-01-23 01:00:00+00:00,2016-01-23 01:00:00+00:00,2016-01-23 01:00:00+00:00,2016-01-23 01:00:00+00:00,-2.2,-2.2,-3.5,-3.2,-1.3,-2.7,-2.8,-0.7,-2.3,-2.2,1021.0,1020.7,1019.6,1018.5,1022.7,1019.8,1019.1,1021.3,1019.6,1019.6,8.5,8.5,5.8,8.8,8.3,6.9,7.4,13.5,7.4,6.8,80.0,78.4,94.8,96.6,74.2,88.0,93.5,68.0,88.6,87.7,-0.9510565162951535,-0.9781476007338057,-0.7193398003386513,-0.7986355100472929,-0.8571673007021122,-0.9205048534524404,-0.9205048534524404,-0.9993908270190958,-0.9063077870366499,-0.9063077870366499,0.3090169943749475,0.20791169081775931,0.6946583704589971,0.6018150231520482,0.5150380749100544,0.39073112848927377,0.39073112848927377,0.03489949670250114,0.4226182617406995,0.4226182617406995,4.6,4.6,3.3,5.0,4.1,4.1,4.2,10.7,3.9,3.9
2016-01-23 02:00:00+00:00,2016-01-23 02:00:00+00:00,2016-01-23 02:00:00+00:00,2016-01-23 02:00:00+00:00,2016-01-23 02:00:00+00:00,2016-01-23 02:00:00+00:00,2016-01-23 02:00:00+00:00,2016-01-23 02:00:00+00:00,2016-01-23 02:00:00+00:00,2016-01-23 02:00:00+00:00,-2.2,-2.5,-3.5,-3.0,-1.1,-3.0,-2.8,-0.7,-2.7,-2.7,1020.7,1020.5,1019.4,1018.5,1022.0,1019.5,1019.0,1021.0,1019.5,1019.5,7.8,7.4,5.1,7.9,7.2,6.5,6.6,12.3,6.2,6.0,86.2,87.6,96.3,96.5,74.1,94.5,95.3,68.8,96.3,95.9,-0.9743700647852351,-0.9563047559630355,-0.7193398003386513,-0.8386705679454239,-0.7986355100472929,-0.8910065241883678,-0.9455185755993168,-0.9998476951563913,-0.8910065241883678,-0.8910065241883678,0.2249510543438652,0.2923717047227366,0.6946583704589971,0.5446390350150273,0.6018150231520482,0.45399049973954686,0.3255681544571566,0.01745240643728344,0.45399049973954686,0.45399049973954686,4.3,3.5,3.2,4.8,4.0,3.8,3.8,9.9,3.3,3.3
2016-01-23 03:00:00+00:00,2016-01-23 03:00:00+00:00,2016-01-23 03:00:00+00:00,2016-01-23 03:00:00+00:00,2016-01-23 03:00:00+00:00,2016-01-23 03:00:00+00:00,2016-01-23 03:00:00+00:00,2016-01-23 03:00:00+00:00,2016-01-23 03:00:00+00:00,2016-01-23 03:00:00+00:00,-2.6,-2.8,-3.3,-2.6,-1.4,-2.9,-2.7,-0.8,-2.8,-2.8,1020.6,1020.4,1019.4,1018.4,1021.6,1019.5,1019.1,1020.5,1019.6,1019.6,6.1,6.0,5.1,7.3,7.9,6.1,6.1,11.8,4.4,5.3,94.7,93.6,96.6,96.6,76.5,95.6,95.8,69.8,97.4,97.3,-0.9702957262759965,-0.9135454576426008,-0.743144825477394,-0.8386705679454239,-0.8191520442889919,-0.9335804264972017,-0.9396926207859083,-0.9986295347545738,-0.848048096156426,-0.8660254037844387,0.24192189559966773,0.40673664307580043,0.6691306063588585,0.5446390350150273,0.5735764363510459,0.3583679495453002,0.3420201433256689,0.05233595624294381,0.529919264233205,0.49999999999999994,3.4,2.8,3.1,4.4,3.2,3.6,3.5,9.5,2.6,2.8
2016-01-23 04:00:00+00:00,2016-01-23 04:00:00+00:00,2016-01-23 04:00:00+00:00,2016-01-23 04:00:00+00:00,2016-01-23 04:00:00+00:00,2016-01-23 04:00:00+00:00,2016-01-23 04:00:00+00:00,2016-01-23 04:00:00+00:00,2016-01-23 04:00:00+00:00,2016-01-23 04:00:00+00:00,-2.5,-2.7,-3.1,-2.1,-1.2,-2.9,-2.6,-0.8,-2.9,-2.9,1020.8,1020.6,1019.7,1018.7,1021.4,1019.8,1019.3,1020.4,1019.7,1019.7,5.4,5.4,4.7,6.8,6.6,4.9,5.0,11.4,4.3,4.8,96.9,95.6,96.6,96.5,77.3,95.8,95.8,71.1,97.5,97.5,-0.9945218953682733,-0.9702957262759965,-0.754709580222772,-0.8660254037844387,-0.9063077870366499,-0.9396926207859083,-0.9063077870366499,-1.0,-0.7771459614569709,-0.7880107536067219,0.10452846326765373,0.24192189559966773,0.6560590289905073,0.49999999999999994,0.4226182617406995,0.3420201433256689,0.4226182617406995,1.2246467991473532e-16,0.6293203910498374,0.6156614753256584,3.1,2.5,2.9,4.4,3.1,3.0,3.0,8.9,2.5,2.6
2016-01-23 05:00:00+00:00,2016-01-23 05:00:00+00:00,2016-01-23 05:00:00+00:00,2016-01-23 05:00:00+00:00,2016-01-23 05:00:00+00:00,2016-01-23 05:00:00+00:00,2016-01-23 05:00:00+00:00,2016-01-23 05:00:00+00:00,2016-01-23 05:00:00+00:00,2016-01-23 05:00:00+00:00,-2.3,-2.6,-2.8,-2.0,-1.3,-2.7,-2.4,-1.0,-2.9,-2.9,1021.0,1020.8,1020.1,1019.4,1021.4,1020.1,1019.7,1021.1,1020.0,1020.0,4.4,4.9,4.9,6.3,6.5,4.3,5.1,9.3,4.2,4.3,97.7,96.3,96.8,98.1,79.0,95.9,95.9,74.8,97.5,97.5,-0.9993908270190958,-0.9876883405951377,-0.7880107536067219,-0.898794046299167,-0.9271838545667873,-0.8746197071393957,-0.9135454576426008,-0.9925461516413221,-0.8090169943749473,-0.8090169943749473,0.03489949670250114,0.15643446504023098,0.6156614753256584,0.4383711467890773,0.37460659341591224,0.48480962024633717,0.40673664307580043,-0.12186934340514731,0.5877852522924732,0.5877852522924732,2.5,2.4,2.6,3.5,3.0,2.5,2.9,6.9,2.6,2.6
2016-01-23 06:00:00+00:00,2016-01-23 06:00:00+00:00,2016-01-23 06:00:00+00:00,2016-01-23 06:00:00+00:00,2016-01-23 06:00:00+00:00,2016-01-23 06:00:00+00:00,2016-01-23 06:00:00+00:00,2016-01-23 06:00:00+00:00,2016-01-23 06:00:00+00:00,2016-01-23 06:00:00+00:00,-2.1,-2.5,-2.4,-1.9,-1.5,-2.5,-2.2,-1.8,-2.8,-2.8,1021.6,1021.5,1020.7,1020.0,1021.9,1020.8,1020.3,1021.5,1020.7,1020.7,3.7,4.5,4.1,5.0,5.5,3.7,4.4,8.1,4.1,4.5,97.8,96.5,98.5,99.1,79.7,96.6,96.1,87.8,97.5,97.6,-1.0,-1.0,-0.848048096156426,-0.882947592858927,-0.9945218953682733,-0.9205048534524404,-0.9455185755993168,-0.9702957262759965,-0.8746197071393957,-0.882947592858927,1.2246467991473532e-16,1.2246467991473532e-16,0.529919264233205,0.4694715627858907,0.10452846326765373,0.39073112848927377,0.3255681544571566,-0.2419218955996675,0.48480962024633717,0.4694715627858907,2.2,2.3,2.4,2.9,2.1,2.1,2.5,5.7,2.3,2.4
2016-01-23 07:00:00+00:00,2016-01-23 07:00:00+00:00,2016-01-23 07:00:00+00:00,2016-01-23 07:00:00+00:00,2016-01-23 07:00:00+00:00,2016-01-23 07:00:00+00:00,2016-01-23 07:00:00+00:00,2016-01-23 07:00:00+00:00,2016-01-23 07:00:00+00:00,2016-01-23 07:00:00+00:00,-1.8,-2.2,-2.1,-1.6,-1.9,-2.2,-2.0,-1.9,-2.6,-2.7,1022.4,1022.1,1021.4,1020.9,1022.6,1021.3,1020.9,1022.2,1021.2,1021.2,3.5,3.8,3.8,4.2,4.0,3.7,4.1,6.8,4.1,4.4,98.0,97.2,99.2,99.5,84.3,96.7,96.7,89.8,98.1,98.1,-0.9902680687415703,-0.9993908270190958,-0.848048096156426,-0.8571673007021122,-0.9993908270190958,-0.9063077870366499,-0.9396926207859083,-0.9925461516413221,-0.9205048534524404,-0.9271838545667873,-0.13917310096006552,-0.0348994967025009,0.529919264233205,0.5150380749100544,-0.0348994967025009,0.4226182617406995,0.3420201433256689,-0.12186934340514731,0.39073112848927377,0.37460659341591224,2.0,2.1,2.1,2.6,1.5,2.2,2.4,4.9,2.1,2.3
2016-01-23 08:00:00+00:00,2016-01-23 08:00:00+00:00,2016-01-23 08:00:00+00:00,2016-01-23 08:00:00+00:00,2016-01-23 08:00:00+00:00,2016-01-23 08:00:00+00:00,2016-01-23 08:00:00+00:00,2016-01-23 08:00:00+00:00,2016-01-23 08:00:00+00:00,2016-01-23 08:00:00+00:00,-1.4,-1.8,-1.7,-1.1,-2.3,-1.9,-1.8,-1.8,-2.4,-2.5,1022.9,1022.7,1022.4,1021.9,1023.4,1022.0,1021.7,1022.6,1021.6,1021.6,3.2,3.7,3.8,3.5,3.3,3.8,4.1,5.4,3.5,3.9,97.9,96.6,99.7,99.5,91.6,97.1,97.3,90.7,98.3,98.1,-0.9902680687415703,-0.9986295347545738,-0.9612616959383189,-0.9205048534524404,-0.6156614753256581,-0.9659258262890682,-0.9945218953682733,-0.9961946980917455,-0.8191520442889919,-0.8090169943749473,-0.13917310096006552,-0.052335956242943564,0.2756373558169992,0.39073112848927377,-0.7880107536067221,0.258819045102521,0.10452846326765373,0.0871557427476582,0.5735764363510459,0.5877852522924732,1.7,2.1,1.7,2.0,1.5,2.1,2.4,4.3,2.0,2.1
2016-01-23 09:00:00+00:00,2016-01-23 09:00:00+00:00,2016-01-23 09:00:00+00:00,2016-01-23 09:00:00+00:00,2016-01-23 09:00:00+00:00,2016-01-23 09:00:00+00:00,2016-01-23 09:00:00+00:00,2016-01-23 09:00:00+00:00,2016-01-23 09:00:00+00:00,2016-01-23 09:00:00+00:00,-1.1,-1.2,-0.8,-0.1,-2.3,-1.3,-1.2,-1.5,-1.9,-2.0,1023.7,1023.5,1023.2,1022.6,1024.0,1022.9,1022.4,1023.1,1022.4,1022.4,3.5,3.8,2.7,3.4,2.9,3.5,3.9,5.9,3.6,3.8,96.8,96.2,99.8,99.6,94.6,97.5,97.8,90.7,98.6,98.2,-0.9702957262759965,-0.9925461516413221,-0.9993908270190958,-0.9945218953682733,-0.544639035015027,-0.9993908270190958,-0.9993908270190958,-0.9945218953682733,-0.9743700647852351,-0.9659258262890682,-0.2419218955996675,-0.12186934340514731,0.03489949670250114,0.10452846326765373,-0.8386705679454242,-0.0348994967025009,-0.0348994967025009,0.10452846326765373,0.2249510543438652,0.258819045102521,2.1,2.2,1.5,1.8,1.2,2.1,2.2,4.4,2.3,2.2
2016-01-23 10:00:00+00:00,2016-01-23 10:00:00+00:00,2016-01-23 10:00:00+00:00,2016-01-23 10:00:00+00:00,2016-01-23 10:00:00+00:00,2016-01-23 10:00:00+00:00,2016-01-23 10:00:00+00:00,2016-01-23 10:00:00+00:00,2016-01-23 10:00:00+00:00,2016-01-23 10:00:00+00:00,-0.3,-0.6,0.1,1.2,-2.3,-1.0,-0.7,-1.2,-1.7,-1.7,1024.5,1024.2,1023.7,1023.0,1024.1,1023.3,1022.8,1023.4,1023.1,1023.1,4.3,4.5,2.5,5.5,1.9,3.6,4.2,6.5,3.7,3.8,96.4,96.5,99.8,98.9,94.7,98.0,98.0,88.7,98.8,98.1,-0.7193398003386511,-0.8480480961564261,-0.9612616959383189,-0.9945218953682733,-0.848048096156426,-0.9986295347545738,-0.9975640502598242,-0.9961946980917455,-0.9781476007338057,-0.9876883405951377,-0.6946583704589974,-0.5299192642332048,0.2756373558169992,0.10452846326765373,0.529919264233205,-0.052335956242943564,-0.06975647374412527,-0.08715574274765794,0.20791169081775931,0.15643446504023098,2.5,2.4,1.2,2.4,0.8,1.9,2.2,4.7,1.7,1.8
2016-01-23 11:00:00+00:00,2016-01-23 11:00:00+00:00,2016-01-23 11:00:00+00:00,2016-01-23 11:00:00+00:00,2016-01-23 11:00:00+00:00,2016-01-23 11:00:00+00:00,2016-01-23 11:00:00+00:00,2016-01-23 11:00:00+00:00,2016-01-23 11:00:00+00:00,2016-01-23 11:00:00+00:00,0.2,-0.2,1.1,2.1,-1.8,-0.4,0.0,-0.9,-1.3,-1.3,1024.6,1024.2,1024.1,1023.6,1024.4,1023.5,1023.1,1023.7,1022.9,1022.9,3.7,3.8,2.9,5.7,2.0,3.3,4.5,6.5,3.4,3.3,97.1,97.6,99.8,98.0,93.8,98.4,98.4,88.0,99.0,98.3,-0.838670567945424,-0.9563047559630354,-0.90630778703665,-0.9271838545667874,-0.9975640502598242,-0.9975640502598242,-0.9902680687415703,-0.9563047559630354,-0.8746197071393957,-0.882947592858927,-0.5446390350150271,-0.29237170472273677,-0.4226182617406993,-0.374606593415912,-0.06975647374412527,-0.06975647374412527,-0.13917310096006552,-0.29237170472273677,0.48480962024633717,0.4694715627858907,1.8,2.0,1.6,2.5,0.8,1.8,2.4,5.2,2.0,2.0
2016-01-23 12:00:00+00:00,2016-01-23 12:00:00+00:00,2016-01-23 12:00:00+00:00,2016-01-23 12:00:00+00:00,2016-01-23 12:00:00+00:00,2016-01-23 12:00:00+00:00,2016-01-23 12:00:00+00:00,2016-01-23 12:00:00+00:00,2016-01-23 12:00:00+00:00,2016-01-23 12:00:00+00:00,0.4,0.2,1.9,2.7,-1.4,0.1,0.6,-0.6,-0.9,-0.9,1025.0,1024.8,1024.7,1024.3,1024.6,1024.1,1023.8,1023.8,1023.4,1023.4,4.1,4.2,3.7,5.8,3.2,3.7,4.6,5.9,4.3,4.6,97.1,97.9,99.4,97.5,92.6,98.7,98.8,88.8,99.2,98.6,-0.8746197071393959,-0.8290375725550418,-0.5735764363510464,-0.6427876096865395,-0.46947156278589075,-0.9135454576426009,-0.90630778703665,-0.9743700647852352,-0.9993908270190958,-0.9986295347545738,-0.48480962024633695,-0.5591929034707467,-0.8191520442889916,-0.7660444431189779,-0.882947592858927,-0.4067366430758002,-0.4226182617406993,-0.22495105434386498,-0.0348994967025009,-0.052335956242943564,2.0,2.3,1.9,2.4,1.5,2.0,2.5,4.6,2.6,2.5
2016-01-23 13:00:00+00:00,2016-01-23 13:00:00+00:00,2016-01-23 13:00:00+00:00,2016-01-23 13:00:00+00:00,2016-01-23 13:00:00+00:00,2016-01-23 13:00:00+00:00,2016-01-23 13:00:00+00:00,2016-01-23 13:00:00+00:00,2016-01-23 13:00:00+00:00,2016-01-23 13:00:00+00:00,0.6,0.6,2.3,3.1,-1.1,0.5,1.1,-0.2,-0.6,-0.6,1025.7,1025.5,1025.4,1024.9,1024.9,1024.6,1024.1,1024.3,1023.8,1023.8,4.0,4.4,3.9,5.9,2.3,3.2,3.7,5.8,3.8,3.8,98.1,98.5,99.1,97.0,90.2,99.0,98.9,89.5,99.7,99.3,-0.48480962024633684,-0.6946583704589973,-0.42261826174069916,-0.529919264233205,-0.9510565162951536,-0.8746197071393959,-0.9135454576426009,-0.9743700647852352,-0.9998476951563913,-0.9993908270190958,-0.874619707139396,-0.7193398003386512,-0.90630778703665,-0.848048096156426,-0.3090169943749473,-0.48480962024633695,-0.4067366430758002,-0.22495105434386498,-0.017452406437283637,-0.0348994967025009,2.3,2.3,2.3,2.6,0.8,1.7,2.3,4.6,2.2,2.2
2016-01-23 14:00:00+00:00,2016-01-23 14:00:00+00:00,2016-01-23 14:00:00+00:00,2016-01-23 14:00:00+00:00,2016-01-23 14:00:00+00:00,2016-01-23 14:00:00+00:00,2016-01-23 14:00:00+00:00,2016-01-23 14:00:00+00:00,2016-01-23 14:00:00+00:00,2016-01-23 14:00:00+00:00,0.7,1.0,2.3,4.1,-1.0,1.0,1.7,0.3,-0.3,-0.3,1026.6,1026.2,1026.0,1025.4,1025.8,1025.1,1024.8,1024.7,1024.4,1024.4,4.0,4.2,3.8,6.1,3.2,3.2,4.3,7.3,3.4,3.6,99.1,98.8,99.3,97.5,89.8,99.1,98.9,88.5,99.7,99.4,-0.7313537016191706,-0.7071067811865477,-0.544639035015027,-0.17364817766693033,-0.4067366430758001,-0.8571673007021123,-0.8290375725550418,-0.8829475928589269,-0.9902680687415703,-0.984807753012208,-0.6819983600624984,-0.7071067811865475,-0.8386705679454242,-0.984807753012208,-0.913545457642601,-0.5150380749100542,-0.5591929034707467,-0.46947156278589086,-0.13917310096006552,-0.17364817766693047,2.2,2.5,2.0,3.1,1.6,1.5,2.1,5.0,1.8,1.8
2016-01-23 15:00:00+00:00,2016-01-23 15:00:00+00:00,2016-01-23 15:00:00+00:00,2016-01-23 15:00:00+00:00,2016-01-23 15:00:00+00:00,2016-01-23 15:00:00+00:00,2016-01-23 15:00:00+00:00,2016-01-23 15:00:00+00:00,2016-01-23 15:00:00+00:00,2016-01-23 15:00:00+00:00,1.2,1.2,2.3,3.8,-1.0,1.2,1.9,0.5,0.1,0.0,1027.0,1026.6,1026.3,1025.9,1026.2,1025.5,1025.1,1025.0,1024.8,1024.8,4.2,4.5,4.0,6.0,3.0,3.0,4.3,7.7,3.1,3.0,99.3,99.0,99.7,98.4,90.5,99.2,98.9,89.8,99.8,99.4,-0.5000000000000004,-0.5591929034707466,-0.5877852522924732,-0.2756373558169989,-0.529919264233205,-0.7771459614569708,-0.766044443118978,-0.8987940462991669,-1.0,-0.9986295347545738,-0.8660254037844384,-0.8290375725550418,-0.8090169943749473,-0.961261695938319,-0.848048096156426,-0.6293203910498376,-0.6427876096865393,-0.43837114678907746,1.2246467991473532e-16,0.05233595624294381,2.7,2.7,2.0,2.7,1.6,1.4,2.2,5.3,1.3,1.1
2016-01-23 16:00:00+00:00,2016-01-23 16:00:00+00:00,2016-01-23 16:00:00+00:00,2016-01-23 16:00:00+00:00,2016-01-23 16:00:00+00:00,2016-01-23 16:00:00+00:00,2016-01-23 16:00:00+00:00,2016-01-23 16:00:00+00:00,2016-01-23 16:00:00+00:00,2016-01-23 16:00:00+00:00,1.5,1.5,2.6,3.2,-0.9,1.5,2.0,0.7,0.1,0.1,1027.3,1026.8,1027.1,1026.6,1026.6,1026.0,1025.7,1025.4,1025.0,1025.0,5.1,4.6,4.5,5.8,2.7,3.4,4.3,4.6,2.8,2.8,99.4,99.1,99.8,98.8,91.5,99.4,99.0,91.0,99.8,99.5,-0.25881904510252063,-0.5591929034707466,-0.5000000000000004,-0.2756373558169989,-0.8090169943749475,-0.5735764363510464,-0.7431448254773942,-0.766044443118978,-0.9816271834476639,-0.9781476007338057,-0.9659258262890683,-0.8290375725550418,-0.8660254037844384,-0.961261695938319,-0.587785252292473,-0.8191520442889916,-0.6691306063588582,-0.6427876096865393,0.19080899537654497,0.20791169081775931,2.4,2.7,2.6,2.8,1.0,1.7,2.3,3.0,1.3,1.2
2016-01-23 17:00:00+00:00,2016-01-23 17:00:00+00:00,2016-01-23 17:00:00+00:00,2016-01-23 17:00:00+00:00,2016-01-23 17:00:00+00:00,2016-01-23 17:00:00+00:00,2016-01-23 17:00:00+00:00,2016-01-23 17:00:00+00:00,2016-01-23 17:00:00+00:00,2016-01-23 17:00:00+00:00,1.6,1.6,2.6,3.0,-0.7,1.9,2.1,0.8,0.5,0.4,1028.0,1027.7,1027.6,1026.9,1026.7,1026.5,1026.1,1025.7,1025.3,1025.3,5.4,5.1,4.9,5.8,3.2,3.5,3.7,3.9,3.0,3.0,99.5,99.1,99.8,98.9,93.0,99.4,99.2,91.7,99.8,99.7,-0.3583679495453007,-0.5591929034707466,-0.43837114678907774,-0.5000000000000004,-0.7771459614569708,-0.3907311284892738,-0.7547095802227721,-0.7431448254773942,-0.9743700647852351,-0.9702957262759965,-0.9335804264972015,-0.8290375725550418,-0.8987940462991668,-0.8660254037844384,-0.6293203910498376,-0.9205048534524403,-0.656059028990507,-0.6691306063588582,0.2249510543438652,0.24192189559966773,3.0,2.7,2.9,2.9,1.0,1.7,2.0,2.9,1.4,1.2
2016-01-23 18:00:00+00:00,2016-01-23 18:00:00+00:00,2016-01-23 18:00:00+00:00,2016-01-23 18:00:00+00:00,2016-01-23 18:00:00+00:00,2016-01-23 18:00:00+00:00,2016-01-23 18:00:00+00:00,2016-01-23 18:00:00+00:00,2016-01-23 18:00:00+00:00,2016-01-23 18:00:00+00:00,1.6,1.8,2.2,2.9,-0.5,2.3,2.7,1.0,0.8,0.8,1028.3,1027.9,1027.7,1027.2,1027.2,1026.6,1026.3,1025.8,1025.6,1025.5,4.4,4.1,4.8,5.8,3.7,4.6,5.1,4.0,4.1,3.9,99.8,99.2,99.8,99.2,94.3,99.5,99.2,92.8,99.8,99.7,-0.4067366430758001,-0.544639035015027,-0.5150380749100544,-0.6018150231520483,-0.6560590289905073,-0.48480962024633684,-0.6156614753256581,-0.9781476007338056,-0.6819983600624986,-0.6691306063588581,-0.913545457642601,-0.8386705679454242,-0.8571673007021121,-0.7986355100472928,-0.754709580222772,-0.874619707139396,-0.7880107536067221,-0.2079116908177595,-0.7313537016191703,-0.7431448254773944,2.4,2.6,2.7,2.7,1.6,2.3,2.7,2.7,2.3,2.1
2016-01-23 19:00:00+00:00,2016-01-23 19:00:00+00:00,2016-01-23 19:00:00+00:00,2016-01-23 19:00:00+00:00,2016-01-23 19:00:00+00:00,2016-01-23 19:00:00+00:00,2016-01-23 19:00:00+00:00,2016-01-23 19:00:00+00:00,2016-01-23 19:00:00+00:00,2016-01-23 19:00:00+00:00,1.7,1.9,2.2,3.0,0.2,2.4,2.6,1.3,1.0,0.9,1028.5,1028.2,1028.2,1027.6,1027.1,1027.1,1026.7,1026.0,1026.0,1025.9,4.7,5.2,4.8,6.0,4.8,4.9,4.7,5.0,3.2,3.6,99.9,99.2,99.9,99.3,97.0,99.6,99.5,93.0,99.8,99.8,-0.43837114678907774,-0.48480962024633684,-0.544639035015027,-0.5000000000000004,-0.544639035015027,-0.46947156278589075,-0.6156614753256581,-0.8660254037844386,-0.544639035015027,-0.544639035015027,-0.8987940462991668,-0.874619707139396,-0.8386705679454242,-0.8660254037844384,-0.8386705679454242,-0.882947592858927,-0.7880107536067221,-0.5000000000000001,-0.8386705679454242,-0.8386705679454242,2.7,2.7,2.6,3.0,2.0,2.5,2.9,2.9,1.8,1.8
2016-01-23 20:00:00+00:00,2016-01-23 20:00:00+00:00,2016-01-23 20:00:00+00:00,2016-01-23 20:00:00+00:00,2016-01-23 20:00:00+00:00,2016-01-23 20:00:00+00:00,2016-01-23 20:00:00+00:00,2016-01-23 20:00:00+00:00,2016-01-23 20:00:00+00:00,2016-01-23 20:00:00+00:00,1.9,2.0,2.4,3.2,0.5,2.3,2.5,1.4,1.1,1.0,1029.0,1028.6,1028.4,1027.6,1027.5,1027.4,1027.0,1026.4,1026.2,1026.1,6.0,5.7,4.4,6.4,3.7,4.9,5.1,6.4,5.0,5.1,99.9,99.3,99.9,99.4,98.3,99.6,99.5,93.5,99.8,99.8,-0.2756373558169989,-0.42261826174069916,-0.6018150231520483,-0.5877852522924732,-0.32556815445715664,-0.5000000000000004,-0.7193398003386511,-0.6819983600624986,-0.7193398003386511,-0.7071067811865477,-0.961261695938319,-0.90630778703665,-0.7986355100472928,-0.8090169943749473,-0.9455185755993168,-0.8660254037844384,-0.6946583704589974,-0.7313537016191703,-0.6946583704589974,-0.7071067811865475,3.8,3.4,2.5,3.2,1.8,2.5,3.0,4.2,2.4,2.3
2016-01-23 21:00:00+00:00,2016-01-23 21:00:00+00:00,2016-01-23 21:00:00+00:00,2016-01-23 21:00:00+00:00,2016-01-23 21:00:00+00:00,2016-01-23 21:00:00+00:00,2016-01-23 21:00:00+00:00,2016-01-23 21:00:00+00:00,2016-01-23 21:00:00+00:00,2016-01-23 21:00:00+00:00,1.6,2.1,2.5,2.9,0.9,2.2,2.4,1.2,1.3,1.3,1029.1,1028.7,1028.2,1027.5,1027.7,1027.2,1026.8,1026.5,1026.1,1026.0,6.3,6.1,4.7,5.8,4.5,4.8,5.0,6.8,4.7,5.0,99.9,99.2,99.9,99.5,98.8,99.5,99.4,94.0,99.8,99.8,-0.2079116908177598,-0.34202014332566855,-0.7431448254773942,-0.8191520442889918,-0.34202014332566855,-0.6018150231520483,-0.8090169943749475,-0.48480962024633684,-0.7071067811865477,-0.6819983600624986,-0.9781476007338056,-0.9396926207859084,-0.6691306063588582,-0.5735764363510462,-0.9396926207859084,-0.7986355100472928,-0.587785252292473,-0.874619707139396,-0.7071067811865475,-0.7313537016191703,3.6,3.5,2.8,2.9,1.7,2.4,3.0,4.5,3.0,2.9
2016-01-23 22:00:00+00:00,2016-01-23 22:00:00+00:00,2016-01-23 22:00:00+00:00,2016-01-23 22:00:00+00:00,2016-01-23 22:00:00+00:00,2016-01-23 22:00:00+00:00,2016-01-23 22:00:00+00:00,2016-01-23 22:00:00+00:00,2016-01-23 22:00:00+00:00,2016-01-23 22:00:00+00:00,1.4,1.6,2.4,2.7,1.3,1.9,2.0,1.3,1.4,1.3,1029.3,1028.9,1028.2,1027.5,1027.8,1027.3,1026.9,1026.6,1025.9,1025.9,5.5,5.3,4.9,6.0,4.3,4.6,5.1,6.0,5.4,5.6,99.9,99.4,99.9,99.6,98.9,99.5,99.4,94.0,99.8,99.8,-0.34202014332566855,-0.6018150231520483,-0.766044443118978,-0.8829475928589269,-0.25881904510252063,-0.6691306063588581,-0.7986355100472928,-0.6427876096865395,-0.7986355100472928,-0.7986355100472928,-0.9396926207859084,-0.7986355100472928,-0.6427876096865393,-0.46947156278589086,-0.9659258262890683,-0.7431448254773944,-0.6018150231520484,-0.7660444431189779,-0.6018150231520484,-0.6018150231520484,3.5,3.2,2.7,3.1,2.2,2.5,3.0,4.0,3.4,3.4
2016-01-23 23:00:00+00:00,2016-01-23 23:00:00+00:00,2016-01-23 23:00:00+00:00,2016-01-23 23:00:00+00:00,2016-01-23 23:00:00+00:00,2016-01-23 23:00:00+00:00,2016-01-23 23:00:00+00:00,2016-01-23 23:00:00+00:00,2016-01-23 23:00:00+00:00,2016-01-23 23:00:00+00:00,1.7,1.6,2.7,2.8,1.3,1.9,2.3,1.3,1.3,1.3,1029.6,1029.0,1028.2,1027.2,1027.9,1027.2,1026.6,1026.6,1025.9,1025.8,6.6,6.1,4.6,6.6,5.4,4.8,5.8,6.1,5.1,5.4,99.9,99.5,99.9,99.6,99.8,99.5,99.4,94.0,99.8,99.8,-0.42261826174069916,-0.6819983600624986,-0.838670567945424,-0.9961946980917455,-0.25881904510252063,-0.7431448254773942,-0.8090169943749475,-0.7771459614569708,-0.8191520442889918,-0.7986355100472928,-0.90630778703665,-0.7313537016191703,-0.5446390350150271,-0.08715574274765794,-0.9659258262890683,-0.6691306063588582,-0.587785252292473,-0.6293203910498376,-0.5735764363510462,-0.6018150231520484,4.2,3.9,2.7,3.2,2.8,2.6,3.2,4.4,3.4,3.4
2016-01-24 00:00:00+00:00,2016-01-24 00:00:00+00:00,2016-01-24 00:00:00+00:00,2016-01-24 00:00:00+00:00,2016-01-24 00:00:00+00:00,2016-01-24 00:00:00+00:00,2016-01-24 00:00:00+00:00,2016-01-24 00:00:00+00:00,2016-01-24 00:00:00+00:00,2016-01-24 00:00:00+00:00,1.6,1.7,2.9,3.0,1.3,1.9,2.4,1.5,1.3,1.3,1029.3,1028.5,1027.6,1026.6,1027.6,1026.6,1026.0,1026.1,1025.2,1025.1,7.0,6.3,5.3,7.2,7.4,5.0,6.4,4.5,5.9,5.5,100.0,99.7,99.9,99.6,99.8,99.6,99.4,94.3,99.8,99.8,-0.6427876096865395,-0.7313537016191706,-0.9271838545667874,-0.9945218953682733,-0.25881904510252063,-0.8480480961564261,-0.8910065241883679,-0.8910065241883679,-0.7986355100472928,-0.766044443118978,-0.7660444431189779,-0.6819983600624984,-0.374606593415912,-0.1045284632676535,-0.9659258262890683,-0.5299192642332048,-0.4539904997395467,-0.4539904997395467,-0.6018150231520484,-0.6427876096865393,4.2,3.7,2.7,3.6,3.8,2.9,3.8,3.1,3.8,3.5
2016-01-24 01:00:00+00:00,2016-01-24 01:00:00+00:00,2016-01-24 01:00:00+00:00,2016-01-24 01:00:00+00:00,2016-01-24 01:00:00+00:00,2016-01-24 01:00:00+00:00,2016-01-24 01:00:00+00:00,2016-01-24 01:00:00+00:00,2016-01-24 01:00:00+00:00,2016-01-24 01:00:00+00:00,1.6,2.1,3.3,3.3,1.4,1.8,2.4,1.5,1.4,1.4,1029.1,1028.2,1027.4,1026.6,1027.4,1026.3,1025.8,1025.8,1025.0,1025.0,8.4,7.0,6.5,7.7,5.7,5.2,6.7,8.2,5.1,5.1,100.0,99.9,99.9,99.6,99.9,99.6,99.4,95.0,99.8,99.8,-0.7431448254773942,-0.766044443118978,-0.8746197071393959,-0.981627183447664,-0.32556815445715664,-0.8660254037844386,-0.8987940462991669,-0.981627183447664,-0.766044443118978,-0.7313537016191706,-0.6691306063588582,-0.6427876096865393,-0.48480962024633695,-0.19080899537654472,-0.9455185755993168,-0.5000000000000001,-0.43837114678907746,-0.19080899537654472,-0.6427876096865393,-0.6819983600624984,4.5,3.9,3.6,3.7,2.8,3.0,3.9,5.0,3.0,2.8
2016-01-24 02:00:00+00:00,2016-01-24 02:00:00+00:00,2016-01-24 02:00:00+00:00,2016-01-24 02:00:00+00:00,2016-01-24 02:00:00+00:00,2016-01-24 02:00:00+00:00,2016-01-24 02:00:00+00:00,2016-01-24 02:00:00+00:00,2016-01-24 02:00:00+00:00,2016-01-24 02:00:00+00:00,1.6,1.9,3.2,3.6,1.5,2.3,3.0,1.0,1.4,1.3,1028.8,1028.1,1027.5,1026.6,1027.3,1026.3,1025.9,1025.7,1025.4,1025.3,8.1,7.9,7.3,7.1,4.9,6.0,6.5,8.3,5.6,5.5,100.0,99.8,99.9,99.7,100.0,99.7,99.4,94.8,99.8,99.8,-0.5735764363510464,-0.766044443118978,-0.8090169943749475,-0.8910065241883679,-0.46947156278589075,-0.7771459614569708,-0.7986355100472928,-0.8910065241883679,-0.5150380749100544,-0.5000000000000004,-0.8191520442889916,-0.6427876096865393,-0.587785252292473,-0.4539904997395467,-0.882947592858927,-0.6293203910498376,-0.6018150231520484,-0.4539904997395467,-0.8571673007021121,-0.8660254037844384,4.8,4.2,4.2,4.0,2.7,3.4,3.9,5.9,3.3,3.1
2016-01-24 03:00:00+00:00,2016-01-24 03:00:00+00:00,2016-01-24 03:00:00+00:00,2016-01-24 03:00:00+00:00,2016-01-24 03:00:00+00:00,2016-01-24 03:00:00+00:00,2016-01-24 03:00:00+00:00,2016-01-24 03:00:00+00:00,2016-01-24 03:00:00+00:00,2016-01-24 03:00:00+00:00,1.7,1.7,3.3,4.2,1.2,2.9,3.5,0.9,1.6,1.5,1028.7,1028.2,1027.3,1026.5,1027.0,1026.4,1026.0,1025.8,1025.4,1025.3,7.5,7.9,7.0,7.0,4.7,6.2,6.2,8.7,5.5,6.2,100.0,99.9,99.9,99.7,100.0,99.7,99.6,95.0,99.8,99.8,-0.5150380749100544,-0.7071067811865477,-0.8480480961564261,-0.838670567945424,-0.5591929034707466,-0.6018150231520483,-0.6946583704589973,-0.788010753606722,-0.7313537016191706,-0.7071067811865477,-0.8571673007021121,-0.7071067811865475,-0.5299192642332048,-0.5446390350150271,-0.8290375725550418,-0.7986355100472928,-0.7193398003386512,-0.6156614753256582,-0.6819983600624984,-0.7071067811865475,4.8,4.4,3.8,3.9,2.3,3.4,3.4,6.5,3.1,3.0
2016-01-24 04:00:00+00:00,2016-01-24 04:00:00+00:00,2016-01-24 04:00:00+00:00,2016-01-24 04:00:00+00:00,2016-01-24 04:00:00+00:00,2016-01-24 04:00:00+00:00,2016-01-24 04:00:00+00:00,2016-01-24 04:00:00+00:00,2016-01-24 04:00:00+00:00,2016-01-24 04:00:00+00:00,1.9,1.9,3.5,4.2,0.9,3.3,3.8,1.0,1.8,1.7,1028.7,1028.2,1027.2,1026.4,1027.1,1026.2,1025.7,1025.9,1024.9,1024.9,6.7,7.1,5.6,6.2,6.8,5.4,5.4,7.4,4.7,5.0,100.0,99.9,99.9,99.7,100.0,99.7,99.7,95.0,99.8,99.8,-0.3907311284892738,-0.6946583704589973,-0.90630778703665,-0.8829475928589269,-0.4067366430758001,-0.7071067811865477,-0.8191520442889918,-0.6691306063588581,-0.838670567945424,-0.8191520442889918,-0.9205048534524403,-0.7193398003386512,-0.4226182617406993,-0.46947156278589086,-0.913545457642601,-0.7071067811865475,-0.5735764363510462,-0.7431448254773944,-0.5446390350150271,-0.5735764363510462,4.2,3.3,3.3,3.5,3.6,3.0,3.0,5.1,2.6,2.5
2016-01-24 05:00:00+00:00,2016-01-24 05:00:00+00:00,2016-01-24 05:00:00+00:00,2016-01-24 05:00:00+00:00,2016-01-24 05:00:00+00:00,2016-01-24 05:00:00+00:00,2016-01-24 05:00:00+00:00,2016-01-24 05:00:00+00:00,2016-01-24 05:00:00+00:00,2016-01-24 05:00:00+00:00,2.1,2.2,3.7,4.3,1.2,3.4,3.8,1.3,2.2,2.1,1028.6,1028.0,1026.9,1026.0,1027.5,1026.0,1025.4,1025.4,1024.6,1024.5,5.5,6.1,5.7,6.3,7.4,5.4,5.9,7.0,5.5,5.8,100.0,99.9,99.9,99.8,100.0,99.8,99.9,95.0,99.8,99.8,-0.5150380749100544,-0.6946583704589973,-0.90630778703665,-0.90630778703665,-0.2079116908177598,-0.7313537016191706,-0.8191520442889918,-0.7431448254773942,-0.7313537016191706,-0.7547095802227721,-0.8571673007021121,-0.7193398003386512,-0.4226182617406993,-0.4226182617406993,-0.9781476007338056,-0.6819983600624984,-0.5735764363510462,-0.6691306063588582,-0.6819983600624984,-0.656059028990507,3.5,3.4,3.5,3.5,3.9,3.2,3.3,4.4,2.9,2.9
2016-01-24 06:00:00+00:00,2016-01-24 06:00:00+00:00,2016-01-24 06:00:00+00:00,2016-01-24 06:00:00+00:00,2016-01-24 06:00:00+00:00,2016-01-24 06:00:00+00:00,2016-01-24 06:00:00+00:00,2016-01-24 06:00:00+00:00,2016-01-24 06:00:00+00:00,2016-01-24 06:00:00+00:00,2.2,2.7,3.5,3.7,1.6,3.5,3.9,1.6,2.6,2.5,1028.3,1027.7,1026.7,1025.8,1027.0,1025.9,1025.2,1025.1,1024.5,1024.4,5.3,6.3,5.5,6.0,5.4,5.9,6.3,6.3,6.3,6.7,100.0,99.9,99.9,99.9,100.0,99.8,99.9,95.0,99.8,99.8,-0.529919264233205,-0.7071067811865477,-0.9510565162951536,-0.9876883405951378,-0.45399049973954697,-0.7771459614569708,-0.8829475928589269,-0.90630778703665,-0.7986355100472928,-0.788010753606722,-0.848048096156426,-0.7071067811865475,-0.3090169943749473,-0.15643446504023073,-0.8910065241883678,-0.6293203910498376,-0.46947156278589086,-0.4226182617406993,-0.6018150231520484,-0.6156614753256582,3.3,3.6,3.1,3.4,2.5,3.4,3.5,4.8,3.8,3.9
2016-01-24 07:00:00+00:00,2016-01-24 07:00:00+00:00,2016-01-24 07:00:00+00:00,2016-01-24 07:00:00+00:00,2016-01-24 07:00:00+00:00,2016-01-24 07:00:00+00:00,2016-01-24 07:00:00+00:00,2016-01-24 07:00:00+00:00,2016-01-24 07:00:00+00:00,2016-01-24 07:00:00+00:00,2.1,2.8,3.5,3.6,1.9,3.5,3.8,1.7,2.7,2.7,1028.1,1027.5,1026.4,1025.3,1026.7,1025.8,1025.3,1025.1,1024.8,1024.7,5.0,6.1,6.0,7.9,5.1,5.1,4.9,6.1,6.0,5.9,100.0,99.9,99.9,99.9,100.0,99.8,99.9,95.0,99.8,99.8,-0.4067366430758001,-0.7071067811865477,-0.9659258262890683,-0.9986295347545738,-0.529919264233205,-0.838670567945424,-0.9702957262759965,-0.8480480961564261,-0.8480480961564261,-0.7986355100472928,-0.913545457642601,-0.7071067811865475,-0.2588190451025208,-0.052335956242943564,-0.848048096156426,-0.5446390350150271,-0.2419218955996675,-0.5299192642332048,-0.5299192642332048,-0.6018150231520484,2.7,2.8,3.5,4.1,2.2,2.5,2.6,4.5,3.7,3.6
2016-01-24 08:00:00+00:00,2016-01-24 08:00:00+00:00,2016-01-24 08:00:00+00:00,2016-01-24 08:00:00+00:00,2016-01-24 08:00:00+00:00,2016-01-24 08:00:00+00:00,2016-01-24 08:00:00+00:00,2016-01-24 08:00:00+00:00,2016-01-24 08:00:00+00:00,2016-01-24 08:00:00+00:00,2.2,3.0,3.2,3.3,2.2,3.3,3.7,2.2,2.5,2.5,1028.0,1027.2,1026.1,1025.0,1026.7,1025.6,1025.0,1025.4,1024.8,1024.8,5.5,6.5,6.5,9.0,5.0,4.6,5.7,5.9,5.2,5.4,100.0,99.9,99.9,99.9,100.0,99.8,99.9,95.0,99.8,99.9,-0.9135454576426009,-0.7771459614569708,-0.9945218953682733,-0.9993908270190958,-0.45399049973954697,-0.9455185755993167,-0.992546151641322,-0.6691306063588581,-0.8987940462991669,-0.8571673007021123,-0.4067366430758002,-0.6293203910498376,-0.1045284632676535,0.03489949670250114,-0.8910065241883678,-0.32556815445715676,0.12186934340514755,-0.7431448254773944,-0.43837114678907746,-0.5150380749100542,3.1,3.6,3.6,4.4,2.6,2.2,2.5,4.6,3.0,2.9
2016-01-24 09:00:00+00:00,2016-01-24 09:00:00+00:00,2016-01-24 09:00:00+00:00,2016-01-24 09:00:00+00:00,2016-01-24 09:00:00+00:00,2016-01-24 09:00:00+00:00,2016-01-24 09:00:00+00:00,2016-01-24 09:00:00+00:00,2016-01-24 09:00:00+00:00,2016-01-24 09:00:00+00:00,2.5,3.2,3.0,3.0,2.5,3.2,3.6,2.4,2.6,2.6,1027.5,1027.0,1026.0,1025.0,1026.6,1025.4,1024.8,1025.2,1024.5,1024.5,6.7,7.1,6.3,9.0,6.1,5.2,6.5,5.6,3.7,3.7,100.0,99.9,99.9,99.9,100.0,99.8,99.8,95.0,99.8,99.8,-0.788010753606722,-0.788010753606722,-1.0,-0.9975640502598242,-0.2923717047227371,-0.9781476007338056,-0.9975640502598242,-0.6293203910498378,-1.0,-0.9925461516413221,-0.6156614753256582,-0.6156614753256582,1.2246467991473532e-16,-0.06975647374412527,-0.9563047559630353,-0.2079116908177595,0.06975647374412552,-0.7771459614569706,1.2246467991473532e-16,-0.12186934340514731,4.3,3.7,3.7,5.1,3.0,2.9,3.4,3.9,1.6,1.7
2016-01-24 10:00:00+00:00,2016-01-24 10:00:00+00:00,2016-01-24 10:00:00+00:00,2016-01-24 10:00:00+00:00,2016-01-24 10:00:00+00:00,2016-01-24 10:00:00+00:00,2016-01-24 10:00:00+00:00,2016-01-24 10:00:00+00:00,2016-01-24 10:00:00+00:00,2016-01-24 10:00:00+00:00,2.6,3.3,2.9,3.0,2.9,3.3,3.6,2.0,2.9,2.9,1027.5,1026.9,1025.7,1024.5,1026.5,1025.1,1024.4,1024.6,1023.9,1023.9,6.4,7.2,7.3,9.3,3.5,6.3,6.8,4.7,4.9,4.6,99.9,99.9,99.9,99.9,100.0,99.8,99.9,95.0,99.8,99.8,-0.8660254037844386,-0.788010753606722,-0.9876883405951378,-0.9998476951563913,-0.46947156278589075,-0.9271838545667874,-0.9781476007338056,-0.9743700647852352,-0.9781476007338056,-0.9702957262759965,-0.5000000000000001,-0.6156614753256582,-0.15643446504023073,-0.017452406437283637,-0.882947592858927,-0.374606593415912,-0.2079116908177595,-0.22495105434386498,-0.2079116908177595,-0.2419218955996675,4.0,3.7,4.3,5.2,1.5,3.5,3.7,3.1,2.0,2.0
2016-01-24 11:00:00+00:00,2016-01-24 11:00:00+00:00,2016-01-24 11:00:00+00:00,2016-01-24 11:00:00+00:00,2016-01-24 11:00:00+00:00,2016-01-24 11:00:00+00:00,2016-01-24 11:00:00+00:00,2016-01-24 11:00:00+00:00,2016-01-24 11:00:00+00:00,2016-01-24 11:00:00+00:00,2.5,3.2,2.9,2.9,3.1,3.2,3.5,1.7,3.2,3.2,1027.0,1026.3,1024.9,1023.5,1026.1,1024.3,1023.5,1024.4,1023.2,1023.2,5.4,6.7,7.3,9.7,4.7,6.8,7.5,8.2,5.5,5.4,99.9,99.9,99.9,99.9,100.0,99.8,99.9,95.0,99.8,99.8,-0.9271838545667874,-0.90630778703665,-0.9945218953682733,-0.9993908270190958,-0.8660254037844386,-0.9455185755993167,-0.9781476007338056,-0.9743700647852352,-0.9975640502598242,-0.9961946980917455,-0.374606593415912,-0.4226182617406993,-0.1045284632676535,-0.0348994967025009,-0.5000000000000001,-0.32556815445715676,-0.2079116908177595,-0.22495105434386498,-0.06975647374412527,-0.08715574274765794,3.3,3.4,4.4,5.4,1.5,4.0,4.2,5.4,3.4,3.2
2016-01-24 12:00:00+00:00,2016-01-24 12:00:00+00:00,2016-01-24 12:00:00+00:00,2016-01-24 12:00:00+00:00,2016-01-24 12:00:00+00:00,2016-01-24 12:00:00+00:00,2016-01-24 12:00:00+00:00,2016-01-24 12:00:00+00:00,2016-01-24 12:00:00+00:00,2016-01-24 12:00:00+00:00,2.6,3.2,2.9,2.9,3.1,3.0,3.4,1.9,3.2,3.2,1026.2,1025.4,1024.1,1023.0,1026.0,1023.6,1022.9,1023.7,1022.4,1022.4,6.1,6.5,7.7,9.9,4.5,6.8,7.4,6.4,6.0,6.1,99.9,99.9,99.9,99.9,100.0,99.8,99.9,95.0,99.8,99.8,-0.9702957262759965,-0.9455185755993167,-0.9945218953682733,-0.9961946980917455,-0.7431448254773942,-0.9510565162951536,-0.9702957262759965,-0.9993908270190958,-0.984807753012208,-0.984807753012208,-0.2419218955996675,-0.32556815445715676,-0.1045284632676535,-0.08715574274765794,-0.6691306063588582,-0.3090169943749473,-0.2419218955996675,0.03489949670250114,-0.17364817766693047,-0.17364817766693047,3.9,3.6,4.3,5.5,2.1,3.8,4.2,3.2,3.8,3.6
2016-01-24 13:00:00+00:00,2016-01-24 13:00:00+00:00,2016-01-24 13:00:00+00:00,2016-01-24 13:00:00+00:00,2016-01-24 13:00:00+00:00,2016-01-24 13:00:00+00:00,2016-01-24 13:00:00+00:00,2016-01-24 13:00:00+00:00,2016-01-24 13:00:00+00:00,2016-01-24 13:00:00+00:00,2.5,3.0,2.8,2.9,2.8,2.9,3.2,2.0,3.1,3.1,1025.3,1024.7,1023.6,1022.5,1024.9,1023.0,1022.3,1023.1,1021.9,1021.9,6.6,6.8,7.7,9.2,4.1,6.7,7.1,7.0,6.6,6.6,99.9,99.9,99.9,99.9,100.0,99.8,99.8,95.0,99.8,99.8,-0.984807753012208,-0.9659258262890683,-0.984807753012208,-0.9975640502598242,-0.984807753012208,-0.9396926207859084,-0.9612616959383189,-0.9816271834476639,-0.9563047559630354,-0.9510565162951536,-0.17364817766693047,-0.2588190451025208,-0.17364817766693047,-0.06975647374412527,-0.17364817766693047,-0.34202014332566866,-0.275637355816999,0.19080899537654497,-0.29237170472273677,-0.3090169943749473,4.4,4.0,4.4,5.0,1.6,3.9,4.3,4.7,4.1,3.9
2016-01-24 14:00:00+00:00,2016-01-24 14:00:00+00:00,2016-01-24 14:00:00+00:00,2016-01-24 14:00:00+00:00,2016-01-24 14:00:00+00:00,2016-01-24 14:00:00+00:00,2016-01-24 14:00:00+00:00,2016-01-24 14:00:00+00:00,2016-01-24 14:00:00+00:00,2016-01-24 14:00:00+00:00,2.5,3.1,2.8,3.0,2.7,2.8,3.2,1.9,2.8,2.9,1024.9,1024.1,1023.1,1021.8,1024.4,1022.4,1021.7,1022.8,1021.3,1021.3,6.9,7.6,7.2,8.9,4.3,6.6,7.0,8.4,6.0,5.9,99.9,99.9,99.9,99.9,100.0,99.7,99.8,95.0,99.8,99.8,-0.9271838545667874,-0.8571673007021123,-0.9743700647852352,-0.9975640502598242,-0.9781476007338056,-0.9135454576426009,-0.9563047559630354,-0.9396926207859084,-0.9702957262759965,-0.9702957262759965,-0.374606593415912,-0.5150380749100542,-0.22495105434386498,-0.06975647374412527,-0.2079116908177595,-0.4067366430758002,-0.29237170472273677,-0.34202014332566866,-0.2419218955996675,-0.2419218955996675,4.4,4.4,4.3,4.8,1.7,4.0,4.4,6.0,4.0,3.9
2016-01-24 15:00:00+00:00,2016-01-24 15:00:00+00:00,2016-01-24 15:00:00+00:00,2016-01-24 15:00:00+00:00,2016-01-24 15:00:00+00:00,2016-01-24 15:00:00+00:00,2016-01-24 15:00:00+00:00,2016-01-24 15:00:00+00:00,2016-01-24 15:00:00+00:00,2016-01-24 15:00:00+00:00,2.6,3.1,3.0,3.1,2.5,2.8,3.2,1.8,2.8,2.8,1024.5,1023.7,1022.4,1021.2,1024.2,1021.7,1021.0,1022.4,1020.6,1020.6,6.9,7.3,7.7,9.4,4.5,6.7,7.7,7.3,6.1,6.1,99.9,99.7,99.9,99.9,100.0,99.6,99.8,95.0,99.8,99.8,-0.8987940462991669,-0.8571673007021123,-0.9781476007338056,-0.9975640502598242,-0.9271838545667874,-0.9335804264972016,-0.9659258262890683,-0.981627183447664,-0.9743700647852352,-0.9743700647852352,-0.43837114678907746,-0.5150380749100542,-0.2079116908177595,-0.06975647374412527,-0.374606593415912,-0.35836794954530043,-0.2588190451025208,-0.19080899537654472,-0.22495105434386498,-0.22495105434386498,4.7,4.4,4.6,5.2,1.6,3.8,4.4,5.6,3.8,3.8
2016-01-24 16:00:00+00:00,2016-01-24 16:00:00+00:00,2016-01-24 16:00:00+00:00,2016-01-24 16:00:00+00:00,2016-01-24 16:00:00+00:00,2016-01-24 16:00:00+00:00,2016-01-24 16:00:00+00:00,2016-01-24 16:00:00+00:00,2016-01-24 16:00:00+00:00,2016-01-24 16:00:00+00:00,2.6,3.1,3.1,3.2,2.6,2.9,3.3,1.8,2.7,2.7,1024.0,1023.2,1022.0,1020.9,1023.7,1021.2,1020.5,1021.6,1020.2,1020.2,6.6,7.5,7.9,8.9,4.1,6.4,7.6,7.9,5.6,5.8,100.0,99.7,99.9,99.9,100.0,99.7,99.8,95.0,99.8,99.8,-0.9271838545667874,-0.90630778703665,-0.9659258262890683,-0.9902680687415703,-0.9455185755993167,-0.9205048534524404,-0.9510565162951536,-0.9902680687415703,-0.9612616959383189,-0.9659258262890683,-0.374606593415912,-0.4226182617406993,-0.2588190451025208,-0.13917310096006552,-0.32556815445715676,-0.39073112848927355,-0.3090169943749473,-0.13917310096006552,-0.275637355816999,-0.2588190451025208,4.5,4.4,4.7,4.9,1.8,3.7,4.3,6.5,3.3,3.1
2016-01-24 17:00:00+00:00,2016-01-24 17:00:00+00:00,2016-01-24 17:00:00+00:00,2016-01-24 17:00:00+00:00,2016-01-24 17:00:00+00:00,2016-01-24 17:00:00+00:00,2016-01-24 17:00:00+00:00,2016-01-24 17:00:00+00:00,2016-01-24 17:00:00+00:00,2016-01-24 17:00:00+00:00,2.7,3.1,3.5,3.5,2.7,3.0,3.5,1.8,2.6,2.6,1023.7,1022.8,1021.6,1020.3,1023.2,1020.8,1020.0,1021.1,1019.7,1019.7,7.0,7.5,7.4,9.2,4.8,6.3,7.3,8.0,5.1,5.2,99.9,99.5,99.9,99.9,100.0,99.7,99.8,95.0,99.9,99.8,-0.90630778703665,-0.8987940462991669,-0.9659258262890683,-0.9876883405951378,-0.9455185755993167,-0.9205048534524404,-0.9396926207859084,-0.9781476007338056,-0.9781476007338056,-0.981627183447664,-0.4226182617406993,-0.43837114678907746,-0.2588190451025208,-0.15643446504023073,-0.32556815445715676,-0.39073112848927355,-0.34202014332566866,-0.2079116908177595,-0.2079116908177595,-0.19080899537654472,4.6,4.5,4.3,4.7,2.3,3.7,4.3,6.3,2.9,2.5
2016-01-24 18:00:00+00:00,2016-01-24 18:00:00+00:00,2016-01-24 18:00:00+00:00,2016-01-24 18:00:00+00:00,2016-01-24 18:00:00+00:00,2016-01-24 18:00:00+00:00,2016-01-24 18:00:00+00:00,2016-01-24 18:00:00+00:00,2016-01-24 18:00:00+00:00,2016-01-24 18:00:00+00:00,2.7,3.2,3.9,4.1,2.7,3.1,3.7,1.9,2.8,2.8,1023.2,1022.3,1021.0,1019.9,1022.7,1020.2,1019.5,1020.6,1019.2,1019.3,7.3,8.5,7.3,7.9,5.1,6.0,6.4,7.9,4.6,4.7,99.9,99.2,99.9,99.9,100.0,99.5,99.8,95.0,99.9,99.9,-0.9205048534524404,-0.90630778703665,-0.9612616959383189,-0.9563047559630354,-0.9335804264972016,-0.9335804264972016,-0.9510565162951536,-0.9659258262890683,-0.9993908270190958,-0.9998476951563913,-0.39073112848927355,-0.4226182617406993,-0.275637355816999,-0.29237170472273677,-0.35836794954530043,-0.35836794954530043,-0.3090169943749473,-0.2588190451025208,-0.0348994967025009,0.01745240643728344,4.8,4.6,4.2,4.6,2.4,3.6,4.0,6.0,2.9,2.8
2016-01-24 19:00:00+00:00,2016-01-24 19:00:00+00:00,2016-01-24 19:00:00+00:00,2016-01-24 19:00:00+00:00,2016-01-24 19:00:00+00:00,2016-01-24 19:00:00+00:00,2016-01-24 19:00:00+00:00,2016-01-24 19:00:00+00:00,2016-01-24 19:00:00+00:00,2016-01-24 19:00:00+00:00,2.7,3.3,4.2,4.5,2.6,3.4,4.0,1.9,2.8,2.7,1022.5,1021.7,1020.5,1019.6,1021.9,1019.6,1019.0,1020.1,1018.8,1018.9,8.0,7.9,7.8,7.8,5.4,5.6,5.9,7.8,4.4,4.4,99.9,99.2,99.9,99.9,100.0,99.5,99.8,95.0,99.9,99.9,-0.9335804264972016,-0.90630778703665,-0.9335804264972016,-0.8746197071393959,-0.9205048534524404,-0.8910065241883679,-0.9335804264972016,-0.9563047559630354,-0.9986295347545738,-0.9993908270190958,-0.35836794954530043,-0.4226182617406993,-0.35836794954530043,-0.48480962024633695,-0.39073112848927355,-0.4539904997395467,-0.35836794954530043,-0.29237170472273677,-0.052335956242943564,-0.0348994967025009,5.1,4.4,4.4,4.5,2.5,3.5,3.4,6.1,2.6,2.6
2016-01-24 20:00:00+00:00,2016-01-24 20:00:00+00:00,2016-01-24 20:00:00+00:00,2016-01-24 20:00:00+00:00,2016-01-24 20:00:00+00:00,2016-01-24 20:00:00+00:00,2016-01-24 20:00:00+00:00,2016-01-24 20:00:00+00:00,2016-01-24 20:00:00+00:00,2016-01-24 20:00:00+00:00,2.8,3.5,4.6,5.2,2.6,3.7,4.3,1.9,2.8,2.8,1021.9,1021.0,1020.2,1019.5,1021.4,1019.3,1018.8,1019.6,1018.4,1018.4,8.0,7.7,7.3,6.9,4.5,5.8,6.2,7.4,4.1,4.3,99.9,99.2,99.9,99.9,100.0,99.5,99.8,95.0,99.9,99.9,-0.9455185755993167,-0.9271838545667874,-0.8290375725550418,-0.6427876096865395,-0.9335804264972016,-0.838670567945424,-0.9135454576426009,-0.9781476007338056,-0.9986295347545738,-0.9961946980917455,-0.32556815445715676,-0.374606593415912,-0.5591929034707467,-0.7660444431189779,-0.35836794954530043,-0.5446390350150271,-0.4067366430758002,-0.2079116908177595,0.05233595624294381,0.0871557427476582,5.1,4.4,4.2,4.1,1.8,3.4,3.6,5.8,2.3,2.5
2016-01-24 21:00:00+00:00,2016-01-24 21:00:00+00:00,2016-01-24 21:00:00+00:00,2016-01-24 21:00:00+00:00,2016-01-24 21:00:00+00:00,2016-01-24 21:00:00+00:00,2016-01-24 21:00:00+00:00,2016-01-24 21:00:00+00:00,2016-01-24 21:00:00+00:00,2016-01-24 21:00:00+00:00,3.0,3.5,5.1,5.6,2.7,3.9,4.5,1.9,2.7,2.6,1021.4,1020.6,1020.0,1019.4,1020.6,1019.0,1018.5,1019.0,1018.1,1018.1,8.0,7.8,8.1,7.0,4.6,5.6,6.2,6.5,3.5,3.7,99.9,99.2,99.9,99.9,100.0,99.5,99.8,95.0,99.9,99.9,-0.8480480961564261,-0.8480480961564261,-0.6691306063588581,-0.30901699437494756,-0.8290375725550418,-0.766044443118978,-0.7986355100472928,-0.984807753012208,-0.9902680687415703,-0.9986295347545738,-0.5299192642332048,-0.5299192642332048,-0.7431448254773944,-0.9510565162951535,-0.5591929034707467,-0.6427876096865393,-0.6018150231520484,-0.17364817766693047,-0.13917310096006552,-0.052335956242943564,5.1,4.4,4.4,4.6,2.0,3.2,3.3,5.2,1.8,1.5
2016-01-24 22:00:00+00:00,2016-01-24 22:00:00+00:00,2016-01-24 22:00:00+00:00,2016-01-24 22:00:00+00:00,2016-01-24 22:00:00+00:00,2016-01-24 22:00:00+00:00,2016-01-24 22:00:00+00:00,2016-01-24 22:00:00+00:00,2016-01-24 22:00:00+00:00,2016-01-24 22:00:00+00:00,2.9,3.7,5.5,5.4,2.8,4.1,4.9,1.9,2.9,2.7,1020.9,1020.3,1019.9,1019.5,1020.1,1018.7,1018.3,1018.6,1017.8,1017.8,7.7,6.8,6.3,7.0,4.5,4.6,4.7,5.8,3.5,3.5,99.9,99.2,99.8,99.9,100.0,99.7,99.9,95.0,99.9,99.8,-0.6427876096865395,-0.7431448254773942,-0.42261826174069916,-0.22495105434386525,-0.7986355100472928,-0.6427876096865395,-0.6293203910498378,-0.9961946980917455,-0.9455185755993167,-0.9659258262890683,-0.7660444431189779,-0.6691306063588582,-0.90630778703665,-0.9743700647852351,-0.6018150231520484,-0.7660444431189779,-0.7771459614569706,-0.08715574274765794,-0.32556815445715676,-0.2588190451025208,4.4,4.1,3.7,4.2,2.1,2.6,2.9,4.7,1.5,1.1
2016-01-24 23:00:00+00:00,2016-01-24 23:00:00+00:00,2016-01-24 23:00:00+00:00,2016-01-24 23:00:00+00:00,2016-01-24 23:00:00+00:00,2016-01-24 23:00:00+00:00,2016-01-24 23:00:00+00:00,2016-01-24 23:00:00+00:00,2016-01-24 23:00:00+00:00,2016-01-24 23:00:00+00:00,3.2,4.1,5.6,5.3,2.9,4.4,5.2,1.8,3.1,3.0,1020.6,1020.1,1020.0,1019.6,1019.4,1018.8,1018.4,1018.3,1017.9,1017.9,7.4,6.9,6.4,7.0,4.0,3.5,4.1,5.6,3.0,2.9,99.9,99.2,99.8,99.9,100.0,99.7,99.9,95.0,99.9,99.8,-0.45399049973954697,-0.5735764363510464,-0.3907311284892738,-0.17364817766693033,-0.766044443118978,-0.5877852522924732,-0.5591929034707466,-0.9961946980917455,-0.7071067811865477,-0.7547095802227721,-0.8910065241883678,-0.8191520442889916,-0.9205048534524403,-0.984807753012208,-0.6427876096865393,-0.8090169943749473,-0.8290375725550418,-0.08715574274765794,-0.7071067811865475,-0.656059028990507,4.9,4.4,3.8,4.3,1.9,2.0,2.5,4.3,1.2,1.1
2016-01-25 00:00:00+00:00,2016-01-25 00:00:00+00:00,2016-01-25 00:00:00+00:00,2016-01-25 00:00:00+00:00,2016-01-25 00:00:00+00:00,2016-01-25 00:00:00+00:00,2016-01-25 00:00:00+00:00,2016-01-25 00:00:00+00:00,2016-01-25 00:00:00+00:00,2016-01-25 00:00:00+00:00,3.2,4.3,5.6,5.4,3.3,4.7,5.4,1.9,3.0,2.9,1020.6,1020.1,1020.1,1019.7,1019.3,1019.0,1018.7,1018.1,1017.8,1017.8,7.5,7.1,6.3,7.2,3.8,3.7,4.0,4.5,2.7,2.7,99.9,99.3,99.8,99.9,100.0,99.7,99.9,95.0,99.9,99.8,-0.2756373558169989,-0.46947156278589075,-0.3583679495453007,-0.06975647374412558,-0.5877852522924732,-0.43837114678907774,-0.544639035015027,-0.981627183447664,-0.838670567945424,-0.838670567945424,-0.961261695938319,-0.882947592858927,-0.9335804264972015,-0.9975640502598242,-0.8090169943749473,-0.8987940462991668,-0.8386705679454242,-0.19080899537654472,-0.5446390350150271,-0.5446390350150271,5.2,4.5,3.6,4.1,1.8,1.8,2.3,3.5,1.7,1.6
2016-01-25 01:00:00+00:00,2016-01-25 01:00:00+00:00,2016-01-25 01:00:00+00:00,2016-01-25 01:00:00+00:00,2016-01-25 01:00:00+00:00,2016-01-25 01:00:00+00:00,2016-01-25 01:00:00+00:00,2016-01-25 01:00:00+00:00,2016-01-25 01:00:00+00:00,2016-01-25 01:00:00+00:00,3.3,4.4,5.8,5.6,3.4,5.0,5.6,2.0,2.9,2.8,1020.7,1020.3,1020.4,1020.0,1019.0,1019.2,1018.9,1018.1,1018.0,1018.0,6.6,6.5,5.9,6.3,3.9,4.0,4.3,3.8,3.7,3.9,99.9,99.5,99.8,99.9,100.0,99.7,99.9,95.0,99.9,99.9,-0.2079116908177598,-0.43837114678907774,-0.30901699437494756,0.01745240643728313,-0.3583679495453007,-0.30901699437494756,-0.42261826174069916,-0.9998476951563913,-0.6293203910498378,-0.6427876096865395,-0.9781476007338056,-0.8987940462991668,-0.9510565162951535,-0.9998476951563913,-0.9335804264972015,-0.9510565162951535,-0.90630778703665,-0.017452406437283637,-0.7771459614569706,-0.7660444431189779,4.3,4.2,3.6,3.6,2.2,2.3,2.7,2.6,2.3,2.2
2016-01-25 02:00:00+00:00,2016-01-25 02:00:00+00:00,2016-01-25 02:00:00+00:00,2016-01-25 02:00:00+00:00,2016-01-25 02:00:00+00:00,2016-01-25 02:00:00+00:00,2016-01-25 02:00:00+00:00,2016-01-25 02:00:00+00:00,2016-01-25 02:00:00+00:00,2016-01-25 02:00:00+00:00,3.5,4.6,5.9,5.4,3.5,5.2,5.7,2.3,3.4,3.3,1020.7,1020.4,1020.6,1020.2,1018.9,1019.3,1019.0,1018.0,1018.1,1018.0,6.8,6.2,5.9,6.0,4.3,4.4,4.6,3.2,4.1,4.5,99.9,99.9,99.8,99.9,100.0,99.7,99.9,95.0,99.9,99.9,-0.2079116908177598,-0.4067366430758001,-0.2923717047227371,-0.1908089953765446,-0.12186934340514717,-0.2756373558169989,-0.45399049973954697,-0.984807753012208,-0.30901699437494756,-0.30901699437494756,-0.9781476007338056,-0.913545457642601,-0.9563047559630353,-0.981627183447664,-0.9925461516413221,-0.961261695938319,-0.8910065241883678,-0.17364817766693047,-0.9510565162951535,-0.9510565162951535,4.5,4.1,3.5,3.4,2.6,2.4,2.6,2.3,2.6,2.5
2016-01-25 03:00:00+00:00,2016-01-25 03:00:00+00:00,2016-01-25 03:00:00+00:00,2016-01-25 03:00:00+00:00,2016-01-25 03:00:00+00:00,2016-01-25 03:00:00+00:00,2016-01-25 03:00:00+00:00,2016-01-25 03:00:00+00:00,2016-01-25 03:00:00+00:00,2016-01-25 03:00:00+00:00,3.6,4.7,5.8,5.2,3.4,5.4,5.8,2.5,3.6,3.5,1020.9,1020.4,1020.5,1020.1,1018.9,1019.2,1018.9,1018.1,1018.1,1018.1,6.5,6.3,5.4,6.2,4.0,4.9,4.7,2.7,3.9,4.3,100.0,99.9,99.8,99.9,100.0,99.7,99.9,95.0,99.9,99.9,-0.1908089953765446,-0.3583679495453007,-0.34202014332566855,-0.30901699437494756,-0.06975647374412558,-0.32556815445715664,-0.5150380749100544,-0.8290375725550418,-0.3907311284892738,-0.3746065934159123,-0.981627183447664,-0.9335804264972015,-0.9396926207859084,-0.9510565162951535,-0.9975640502598242,-0.9455185755993168,-0.8571673007021121,-0.5591929034707467,-0.9205048534524403,-0.9271838545667873,4.5,4.0,3.1,3.4,2.5,2.6,2.7,1.6,2.5,2.4
2016-01-25 04:00:00+00:00,2016-01-25 04:00:00+00:00,2016-01-25 04:00:00+00:00,2016-01-25 04:00:00+00:00,2016-01-25 04:00:00+00:00,2016-01-25 04:00:00+00:00,2016-01-25 04:00:00+00:00,2016-01-25 04:00:00+00:00,2016-01-25 04:00:00+00:00,2016-01-25 04:00:00+00:00,3.7,4.9,5.7,5.3,3.6,5.6,6.1,2.7,3.4,3.3,1020.7,1020.3,1020.5,1020.1,1019.0,1019.1,1018.9,1018.2,1017.9,1017.9,6.4,6.2,5.7,6.0,5.1,5.0,6.2,5.5,4.1,4.3,100.0,99.9,99.8,99.9,100.0,99.7,99.9,95.0,99.9,99.9,-0.24192189559966779,-0.32556815445715664,-0.4067366430758001,-0.24192189559966779,0.06975647374412522,-0.2923717047227371,-0.5150380749100544,-0.12186934340514717,-0.5591929034707466,-0.5735764363510464,-0.9702957262759965,-0.9455185755993168,-0.913545457642601,-0.9702957262759965,-0.9975640502598243,-0.9563047559630353,-0.8571673007021121,-0.9925461516413221,-0.8290375725550418,-0.8191520442889916,4.4,3.4,3.4,3.5,2.7,2.4,3.2,3.2,2.5,2.4
2016-01-25 05:00:00+00:00,2016-01-25 05:00:00+00:00,2016-01-25 05:00:00+00:00,2016-01-25 05:00:00+00:00,2016-01-25 05:00:00+00:00,2016-01-25 05:00:00+00:00,2016-01-25 05:00:00+00:00,2016-01-25 05:00:00+00:00,2016-01-25 05:00:00+00:00,2016-01-25 05:00:00+00:00,4.3,4.9,5.5,5.5,3.9,5.7,6.2,2.6,3.8,3.6,1020.8,1020.4,1020.6,1020.1,1019.0,1019.2,1019.0,1018.0,1017.9,1017.9,7.3,6.6,5.9,5.5,4.5,5.1,4.9,3.2,4.0,4.7,100.0,99.9,99.8,99.9,100.0,99.8,99.9,95.0,99.9,99.9,-0.25881904510252063,-0.43837114678907774,-0.45399049973954697,-0.3746065934159123,0.10452846326765299,-0.34202014332566855,-0.5150380749100544,-0.7071067811865477,-0.529919264233205,-0.529919264233205,-0.9659258262890683,-0.8987940462991668,-0.8910065241883678,-0.9271838545667873,-0.9945218953682734,-0.9396926207859084,-0.8571673007021121,-0.7071067811865475,-0.848048096156426,-0.848048096156426,4.8,3.9,3.2,3.1,2.4,2.7,3.0,2.0,2.3,2.2
2016-01-25 06:00:00+00:00,2016-01-25 06:00:00+00:00,2016-01-25 06:00:00+00:00,2016-01-25 06:00:00+00:00,2016-01-25 06:00:00+00:00,2016-01-25 06:00:00+00:00,2016-01-25 06:00:00+00:00,2016-01-25 06:00:00+00:00,2016-01-25 06:00:00+00:00,2016-01-25 06:00:00+00:00,3.5,4.8,5.6,5.7,4.0,5.8,6.3,2.7,4.2,4.1,1021.2,1020.8,1020.7,1020.1,1019.1,1019.4,1019.1,1018.3,1018.3,1018.2,6.8,6.9,4.8,5.8,6.1,5.1,4.9,3.7,5.0,5.1,100.0,99.9,99.8,99.9,100.0,99.8,99.9,95.0,99.9,99.9,-0.2079116908177598,-0.3746065934159123,-0.5000000000000004,-0.42261826174069916,-0.10452846326765336,-0.43837114678907774,-0.5877852522924732,-0.9396926207859084,-0.34202014332566855,-0.3583679495453007,-0.9781476007338056,-0.9271838545667873,-0.8660254037844384,-0.90630778703665,-0.9945218953682734,-0.8987940462991668,-0.8090169943749473,-0.34202014332566866,-0.9396926207859084,-0.9335804264972015,4.2,4.0,2.8,3.1,3.0,2.9,3.1,2.1,2.8,2.8
2016-01-25 07:00:00+00:00,2016-01-25 07:00:00+00:00,2016-01-25 07:00:00+00:00,2016-01-25 07:00:00+00:00,2016-01-25 07:00:00+00:00,2016-01-25 07:00:00+00:00,2016-01-25 07:00:00+00:00,2016-01-25 07:00:00+00:00,2016-01-25 07:00:00+00:00,2016-01-25 07:00:00+00:00,3.6,4.9,6.0,6.1,4.4,5.9,6.4,2.8,4.2,4.1,1021.5,1021.1,1020.8,1020.1,1019.6,1019.6,1019.3,1018.7,1018.3,1018.2,5.7,5.8,4.6,5.6,6.6,5.1,4.5,5.2,4.7,5.1,100.0,99.9,99.8,99.9,100.0,99.8,99.9,95.0,99.9,99.9,-0.22495105434386525,-0.46947156278589075,-0.6427876096865395,-0.6819983600624986,-1.8369701987210297e-16,-0.46947156278589075,-0.6946583704589973,-0.45399049973954697,-0.42261826174069916,-0.42261826174069916,-0.9743700647852351,-0.882947592858927,-0.7660444431189779,-0.7313537016191703,-1.0,-0.882947592858927,-0.7193398003386512,-0.8910065241883678,-0.90630778703665,-0.90630778703665,3.8,3.4,2.6,2.7,3.5,2.9,3.0,4.0,2.6,2.5
2016-01-25 08:00:00+00:00,2016-01-25 08:00:00+00:00,2016-01-25 08:00:00+00:00,2016-01-25 08:00:00+00:00,2016-01-25 08:00:00+00:00,2016-01-25 08:00:00+00:00,2016-01-25 08:00:00+00:00,2016-01-25 08:00:00+00:00,2016-01-25 08:00:00+00:00,2016-01-25 08:00:00+00:00,4.1,5.2,6.1,6.2,4.7,6.2,6.5,2.8,4.4,4.3,1021.7,1021.1,1020.8,1020.2,1019.9,1019.7,1019.2,1018.8,1018.4,1018.3,6.8,6.4,4.3,5.5,6.0,4.5,5.3,4.5,4.1,4.0,100.0,99.9,99.8,99.9,100.0,99.8,99.9,95.0,99.9,99.9,-0.30901699437494756,-0.5591929034707466,-0.766044443118978,-0.8746197071393959,-0.017452406437283498,-0.529919264233205,-0.7313537016191706,-0.8571673007021123,-0.45399049973954697,-0.45399049973954697,-0.9510565162951535,-0.8290375725550418,-0.6427876096865393,-0.48480962024633695,-0.9998476951563913,-0.848048096156426,-0.6819983600624984,-0.5150380749100542,-0.8910065241883678,-0.8910065241883678,4.0,3.7,2.5,3.0,3.5,2.5,3.0,3.2,2.4,2.2
2016-01-25 09:00:00+00:00,2016-01-25 09:00:00+00:00,2016-01-25 09:00:00+00:00,2016-01-25 09:00:00+00:00,2016-01-25 09:00:00+00:00,2016-01-25 09:00:00+00:00,2016-01-25 09:00:00+00:00,2016-01-25 09:00:00+00:00,2016-01-25 09:00:00+00:00,2016-01-25 09:00:00+00:00,4.4,5.5,6.6,6.4,5.0,6.3,6.8,2.6,4.7,4.7,1022.0,1021.4,1021.0,1020.2,1020.1,1019.8,1019.3,1018.9,1018.5,1018.5,7.0,6.6,5.5,6.4,5.9,4.4,6.2,4.0,4.1,4.2,100.0,99.9,99.8,99.9,100.0,99.8,99.9,95.2,99.9,99.9,-0.2756373558169989,-0.529919264233205,-0.7547095802227721,-0.8480480961564261,-0.06975647374412558,-0.766044443118978,-0.7986355100472928,-0.9975640502598242,-0.3907311284892738,-0.3583679495453007,-0.961261695938319,-0.848048096156426,-0.656059028990507,-0.5299192642332048,-0.9975640502598242,-0.6427876096865393,-0.6018150231520484,-0.06975647374412527,-0.9205048534524403,-0.9335804264972015,4.2,4.3,3.3,3.4,3.6,2.3,3.4,3.0,2.5,2.3
2016-01-25 10:00:00+00:00,2016-01-25 10:00:00+00:00,2016-01-25 10:00:00+00:00,2016-01-25 10:00:00+00:00,2016-01-25 10:00:00+00:00,2016-01-25 10:00:00+00:00,2016-01-25 10:00:00+00:00,2016-01-25 10:00:00+00:00,2016-01-25 10:00:00+00:00,2016-01-25 10:00:00+00:00,4.2,5.9,7.2,6.8,5.5,6.7,7.2,2.6,5.1,5.0,1022.2,1021.6,1020.9,1020.1,1020.2,1019.8,1019.3,1018.9,1018.5,1018.4,6.8,6.8,7.3,7.7,6.0,5.4,6.3,6.5,4.8,4.6,100.0,99.9,99.8,99.9,100.0,99.8,99.9,95.0,99.9,99.9,-0.30901699437494756,-0.5735764363510464,-0.6819983600624986,-0.8290375725550418,-0.15643446504023104,-0.7547095802227721,-0.8090169943749475,-0.984807753012208,-0.6156614753256581,-0.5735764363510464,-0.9510565162951535,-0.8191520442889916,-0.7313537016191703,-0.5591929034707467,-0.9876883405951377,-0.656059028990507,-0.587785252292473,-0.17364817766693047,-0.7880107536067221,-0.8191520442889916,3.9,4.2,3.9,4.1,2.8,2.8,3.5,3.5,2.4,2.3
2016-01-25 11:00:00+00:00,2016-01-25 11:00:00+00:00,2016-01-25 11:00:00+00:00,2016-01-25 11:00:00+00:00,2016-01-25 11:00:00+00:00,2016-01-25 11:00:00+00:00,2016-01-25 11:00:00+00:00,2016-01-25 11:00:00+00:00,2016-01-25 11:00:00+00:00,2016-01-25 11:00:00+00:00,4.6,6.3,7.9,7.3,6.1,7.1,7.5,2.6,5.7,5.6,1022.0,1021.3,1020.6,1019.8,1020.1,1019.6,1019.1,1019.0,1018.2,1018.2,6.5,6.3,7.9,7.3,5.9,5.7,6.6,6.2,5.7,5.8,99.9,99.9,99.7,99.7,100.0,99.8,99.9,95.0,99.9,99.9,-0.5735764363510464,-0.6946583704589973,-0.6293203910498378,-0.8090169943749475,-0.2079116908177598,-0.6691306063588581,-0.7313537016191706,-0.9271838545667874,-0.6156614753256581,-0.6018150231520483,-0.8191520442889916,-0.7193398003386512,-0.7771459614569706,-0.587785252292473,-0.9781476007338056,-0.7431448254773944,-0.6819983600624984,-0.374606593415912,-0.7880107536067221,-0.7986355100472928,3.8,3.7,4.5,3.9,3.2,3.2,3.9,4.7,2.9,2.7
2016-01-25 12:00:00+00:00,2016-01-25 12:00:00+00:00,2016-01-25 12:00:00+00:00,2016-01-25 12:00:00+00:00,2016-01-25 12:00:00+00:00,2016-01-25 12:00:00+00:00,2016-01-25 12:00:00+00:00,2016-01-25 12:00:00+00:00,2016-01-25 12:00:00+00:00,2016-01-25 12:00:00+00:00,4.7,6.5,8.5,7.9,6.4,7.4,8.0,4.8,6.1,6.1,1021.8,1021.1,1020.2,1019.4,1020.0,1019.3,1018.8,1018.6,1017.9,1017.9,6.9,7.0,7.1,7.5,6.4,5.3,6.4,5.3,6.3,6.6,99.9,99.9,99.4,99.4,100.0,99.8,99.9,95.0,99.9,99.9,-0.6946583704589973,-0.6293203910498378,-0.7193398003386511,-0.8290375725550418,-0.1908089953765446,-0.6691306063588581,-0.7313537016191706,-0.9961946980917455,-0.7547095802227721,-0.7313537016191706,-0.7193398003386512,-0.7771459614569706,-0.6946583704589974,-0.5591929034707467,-0.981627183447664,-0.7431448254773944,-0.6819983600624984,0.0871557427476582,-0.656059028990507,-0.6819983600624984,3.9,4.0,4.1,3.7,3.8,2.8,3.6,4.4,3.8,3.5
2016-01-25 13:00:00+00:00,2016-01-25 13:00:00+00:00,2016-01-25 13:00:00+00:00,2016-01-25 13:00:00+00:00,2016-01-25 13:00:00+00:00,2016-01-25 13:00:00+00:00,2016-01-25 13:00:00+00:00,2016-01-25 13:00:00+00:00,2016-01-25 13:00:00+00:00,2016-01-25 13:00:00+00:00,4.8,6.6,7.7,7.8,6.6,7.8,8.4,2.9,6.2,6.1,1021.3,1020.5,1020.0,1019.2,1019.8,1018.9,1018.5,1018.4,1017.7,1017.6,6.2,6.4,6.9,7.1,5.6,5.1,6.5,5.5,5.9,5.6,100.0,99.9,99.5,98.0,100.0,99.8,99.8,95.2,99.9,99.9,-0.7071067811865477,-0.6560590289905073,-0.788010753606722,-0.8910065241883679,-0.2079116908177598,-0.6293203910498378,-0.6819983600624986,-0.9993908270190958,-0.7193398003386511,-0.7071067811865477,-0.7071067811865475,-0.754709580222772,-0.6156614753256582,-0.4539904997395467,-0.9781476007338056,-0.7771459614569706,-0.7313537016191703,-0.0348994967025009,-0.6946583704589974,-0.7071067811865475,3.4,3.8,3.8,3.6,3.0,2.7,3.6,4.0,3.5,3.3
2016-01-25 14:00:00+00:00,2016-01-25 14:00:00+00:00,2016-01-25 14:00:00+00:00,2016-01-25 14:00:00+00:00,2016-01-25 14:00:00+00:00,2016-01-25 14:00:00+00:00,2016-01-25 14:00:00+00:00,2016-01-25 14:00:00+00:00,2016-01-25 14:00:00+00:00,2016-01-25 14:00:00+00:00,4.6,6.3,6.6,6.6,6.7,7.9,8.8,3.4,6.3,6.2,1021.1,1020.4,1019.9,1018.8,1019.8,1018.7,1018.0,1018.2,1017.3,1017.3,6.0,6.4,7.5,8.3,6.4,5.3,6.5,4.4,5.6,5.6,100.0,99.9,99.7,98.9,100.0,99.5,99.1,95.2,99.9,99.8,-0.7431448254773942,-0.7193398003386511,-0.7986355100472928,-0.9925461516413221,-0.32556815445715664,-0.6427876096865395,-0.7313537016191706,-0.9902680687415703,-0.7547095802227721,-0.7313537016191706,-0.6691306063588582,-0.6946583704589974,-0.6018150231520484,-0.12186934340514731,-0.9455185755993168,-0.7660444431189779,-0.6819983600624984,-0.13917310096006552,-0.656059028990507,-0.6819983600624984,3.6,3.6,4.1,4.5,3.2,3.0,3.8,3.4,2.9,2.8
2016-01-25 15:00:00+00:00,2016-01-25 15:00:00+00:00,2016-01-25 15:00:00+00:00,2016-01-25 15:00:00+00:00,2016-01-25 15:00:00+00:00,2016-01-25 15:00:00+00:00,2016-01-25 15:00:00+00:00,2016-01-25 15:00:00+00:00,2016-01-25 15:00:00+00:00,2016-01-25 15:00:00+00:00,4.5,5.9,6.1,5.4,6.6,7.6,8.2,3.3,6.4,6.3,1021.3,1020.5,1019.3,1018.0,1019.8,1018.2,1017.4,1018.0,1016.7,1016.7,5.8,6.3,7.2,9.2,5.4,5.7,6.6,6.1,5.8,5.6,100.0,99.9,99.8,99.9,100.0,99.4,99.3,95.3,99.9,99.9,-0.7547095802227721,-0.766044443118978,-0.90630778703665,-0.9961946980917455,-0.3583679495453007,-0.766044443118978,-0.8571673007021123,-0.9205048534524404,-0.788010753606722,-0.7771459614569708,-0.656059028990507,-0.6427876096865393,-0.4226182617406993,-0.08715574274765794,-0.9335804264972015,-0.6427876096865393,-0.5150380749100542,-0.39073112848927355,-0.6156614753256582,-0.6293203910498376,3.4,3.5,3.8,5.1,2.7,3.1,3.7,4.5,3.5,3.4
2016-01-25 16:00:00+00:00,2016-01-25 16:00:00+00:00,2016-01-25 16:00:00+00:00,2016-01-25 16:00:00+00:00,2016-01-25 16:00:00+00:00,2016-01-25 16:00:00+00:00,2016-01-25 16:00:00+00:00,2016-01-25 16:00:00+00:00,2016-01-25 16:00:00+00:00,2016-01-25 16:00:00+00:00,3.8,5.6,6.0,5.1,6.3,6.9,7.4,2.7,6.2,6.2,1020.8,1020.0,1018.5,1017.1,1019.6,1017.6,1016.8,1017.6,1016.0,1016.0,5.3,6.0,6.6,9.8,5.9,6.5,8.6,8.3,5.9,5.5,100.0,99.9,99.8,99.9,100.0,99.1,99.0,95.3,99.9,99.9,-0.9961946980917455,-0.9396926207859084,-0.981627183447664,-0.9975640502598242,-0.43837114678907774,-0.9271838545667874,-0.9335804264972016,-0.9335804264972016,-0.8910065241883679,-0.8829475928589269,0.0871557427476582,-0.34202014332566866,-0.19080899537654472,-0.06975647374412527,-0.8987940462991668,-0.374606593415912,-0.35836794954530043,-0.35836794954530043,-0.4539904997395467,-0.46947156278589086,2.9,3.2,3.9,5.4,2.8,3.4,4.1,6.6,3.6,3.5
2016-01-25 17:00:00+00:00,2016-01-25 17:00:00+00:00,2016-01-25 17:00:00+00:00,2016-01-25 17:00:00+00:00,2016-01-25 17:00:00+00:00,2016-01-25 17:00:00+00:00,2016-01-25 17:00:00+00:00,2016-01-25 17:00:00+00:00,2016-01-25 17:00:00+00:00,2016-01-25 17:00:00+00:00,4.5,5.6,6.0,4.8,5.9,6.3,7.0,2.7,6.3,6.4,1020.3,1019.5,1017.7,1016.3,1019.4,1016.9,1015.9,1017.0,1015.1,1015.1,6.4,6.7,7.1,10.9,5.4,7.4,9.1,9.5,7.7,7.2,100.0,99.9,99.8,99.9,100.0,99.5,99.3,95.2,99.9,99.9,-0.9961946980917455,-0.9781476007338056,-0.9975640502598242,-0.9902680687415704,-0.529919264233205,-0.981627183447664,-0.9659258262890683,-0.9781476007338056,-0.9743700647852352,-0.9702957262759965,-0.08715574274765794,-0.2079116908177595,0.06975647374412552,0.13917310096006533,-0.848048096156426,-0.19080899537654472,-0.2588190451025208,-0.2079116908177595,-0.22495105434386498,-0.2419218955996675,3.7,3.6,3.9,5.9,2.8,3.9,4.9,7.2,4.6,4.4
2016-01-25 18:00:00+00:00,2016-01-25 18:00:00+00:00,2016-01-25 18:00:00+00:00,2016-01-25 18:00:00+00:00,2016-01-25 18:00:00+00:00,2016-01-25 18:00:00+00:00,2016-01-25 18:00:00+00:00,2016-01-25 18:00:00+00:00,2016-01-25 18:00:00+00:00,2016-01-25 18:00:00+00:00,4.8,5.9,6.3,5.2,5.7,6.3,6.6,2.6,6.6,6.7,1019.7,1018.8,1017.0,1015.4,1019.0,1016.2,1015.1,1016.5,1014.1,1014.1,7.0,7.7,8.1,12.3,5.8,8.0,9.1,10.2,8.8,8.4,100.0,99.9,99.8,99.9,100.0,99.5,99.2,95.5,99.9,99.9,-0.9961946980917455,-0.9781476007338056,-0.9986295347545738,-1.0,-0.6946583704589973,-0.9876883405951378,-0.9743700647852352,-0.9612616959383189,-0.9876883405951378,-0.9876883405951378,-0.08715574274765794,-0.2079116908177595,0.05233595624294381,1.2246467991473532e-16,-0.7193398003386512,-0.15643446504023073,-0.22495105434386498,-0.275637355816999,-0.15643446504023073,-0.15643446504023073,4.3,4.1,4.5,6.6,2.4,4.5,5.2,8.0,5.0,4.6
